name,scientific_name,family,region,benefits,side_effects,toxicity,usage,english_name
Tulsi,Ocimum tenuiflorum,Lamiaceae,South Asia,Improves immunity|Reduces stress|Eases cold and cough,May lower blood sugar|Avoid large doses in pregnancy,low,internal,Holy Basil
Neem,Azadirachta indica,Meliaceae,Indian subcontinent,Improves skin health|Fights acne|Supports oral hygiene,Strong doses may cause nausea|Not for internal use in pregnancy,low,external,
Turmeric,Curcuma longa,Zingiberaceae,South Asia,Reduces inflammation|Supports joints|Aids digestion,May interact with blood thinners|High doses upset stomach,low,internal,
Ginger,Zingiber officinale,Zingiberaceae,South Asia,Relieves nausea|Improves digestion|Soothes throat,Caution with anticoagulants|Heartburn at high doses,low,internal,
Aloe Vera,Aloe barbadensis,Asphodelaceae,North Africa,Hydrates skin|Soothes burns|Improves hair condition,Internal latex may cause cramps|Avoid in pregnancy,low,external,
Ashwagandha,Withania somnifera,Solanaceae,India,Reduces stress|Improves sleep|Supports energy,Caution with thyroid medication|May cause drowsiness,low,internal,Indian Ginseng
Brahmi,Bacopa monnieri,Plantaginaceae,Wetlands of India,Improves memory|Supports focus|Calms the mind,May cause mild digestive upset,low,internal,Water Hyssop
Hibiscus,Hibiscus sabdariffa,Malvaceae,"West Africa, Asia",Promotes hair growth|Supports heart health|Rich in antioxidants,May lower blood pressure|Caution in pregnancy,low,external,
Honey,Apis mellifera product,None,Global,Soothes sore throat|Natural sweetener|Antimicrobial,Avoid if diabetic|Not for infants under 1 year,low,internal,
Moringa,Moringa oleifera,Moringaceae,South Asia,Boosts nutrition|Supports energy|Antioxidant rich,May interact with thyroid medication|High doses laxative,low,internal,
Rose,Rosa damascena,Rosaceae,Middle East,Calms skin|Aromatic|Mild astringent,Rare contact dermatitis,low,external,
Mint,Mentha piperita,Lamiaceae,"Europe, Asia",Aids digestion|Cools the body|Freshens breath,Heartburn in sensitive people|Avoid with GERD,low,internal,
Amla,Phyllanthus emblica,Phyllanthaceae,India,Rich in vitamin C|Improves hair|Supports immunity,May irritate empty stomach,low,internal,Indian Gooseberry
Fenugreek,Trigonella foenum-graecum,Fabaceae,Mediterranean,Lowers blood sugar|Promotes hair growth|Supports lactation,May lower blood sugar too much|Maple-scented body odour,low,internal,
Green Tea,Camellia sinensis,Theaceae,East Asia,Antioxidant rich|Boosts metabolism|Supports focus,Caffeine sensitivity|Iron absorption reduced,low,internal,
Lemon,Citrus limon,Rutaceae,Asia,Vitamin C boost|Aids digestion|Brightens skin,Tooth enamel erosion|Photosensitivity on skin,low,internal,
Black Pepper,Piper nigrum,Piperaceae,South India,Boosts nutrient absorption|Supports digestion|Anti-inflammatory,May irritate stomach in excess|Caution with acid reflux,low,internal,
Coconut Oil,Cocos nucifera,Arecaceae,Tropical,Moisturizes skin|Conditions scalp|Antimicrobial,Can clog pores on acne-prone skin,low,external,
Tea Tree,Melaleuca alternifolia,Myrtaceae,Australia,Antibacterial for skin|Treats acne|Soothes irritation,Must be diluted|Skin irritation if undiluted,medium,external,
Cinnamon,Cinnamomum verum,Lauraceae,Sri Lanka,Lowers blood sugar|Warming|Antimicrobial,High doses may affect liver|Caution with anticoagulants,medium,internal,
Garlic,Allium sativum,Amaryllidaceae,Central Asia,Supports heart health|Lowers blood pressure|Antimicrobial,Bad breath|May thin blood|Heartburn at high doses,low,internal,
Calendula,Calendula officinalis,Asteraceae,Mediterranean,Soothes skin|Wound healing|Anti-inflammatory,Rare contact allergy,low,external,
Chamomile,Matricaria chamomilla,Asteraceae,Europe,Calms the mind|Aids sleep|Soothes skin,May cause drowsiness|Pollen cross-allergy,low,internal,
Valerian,Valeriana officinalis,Caprifoliaceae,Europe,Promotes sleep|Relieves anxiety|Eases muscle tension,Drowsiness|Avoid with sedatives,low,internal,
Cumin,Cuminum cyminum,Apiaceae,Mediterranean/India,Aids digestion|Relieves bloating|Supports iron absorption,May lower blood sugar|Heartburn in excess,low,internal,
Coriander,Coriandrum sativum,Apiaceae,Mediterranean/India,Supports digestion|Lowers cholesterol|Cooling effect,Rare skin sensitivity,low,internal,
Clove,Syzygium aromaticum,Myrtaceae,Indonesia/India,Relieves toothache|Antimicrobial|Supports digestion,May thin blood at high doses|Skin irritation if undiluted,low,internal,
Cardamom,Elettaria cardamomum,Zingiberaceae,India,Freshens breath|Aids digestion|Supports respiratory health,May trigger gallbladder pain in sensitive people,low,internal,
Fennel,Foeniculum vulgare,Apiaceae,Mediterranean/India,Relieves gas and bloating|Aids digestion|Supports lactation,May affect estrogen-sensitive conditions in excess,low,internal,
Carom,Trachyspermum ammi,Apiaceae,India,Relieves indigestion|Eases cough|Antimicrobial,Heartburn in excess|Large doses not advised in pregnancy,low,internal,
Nigella Seed,Nigella sativa,Ranunculaceae,West Asia/India,Boosts immunity|Supports respiratory health|Antioxidant rich,May lower blood pressure|Rare contact allergy,low,internal,
Curry Leaves,Murraya koenigii,Rutaceae,India,Supports hair health|Aids digestion|Rich in antioxidants,Generally safe; large amounts may upset stomach,low,internal,
Flaxseed,Linum usitatissimum,Linaceae,Global,Rich in omega-3|Supports digestion|Hormonal balance,May interact with blood thinners|Drink plenty of water,low,internal,
Giloy,Tinospora cordifolia,Menispermaceae,India,Boosts immunity|Reduces fever|Supports liver health,Caution in autoimmune conditions|May lower blood sugar,low,internal,Heart-leaved Moonseed
Bhringraj,Eclipta prostrata,Asteraceae,India,Promotes hair growth|Supports liver health|Anti-inflammatory,May lower blood sugar|Not for internal use in pregnancy,low,external,False Daisy
Shatavari,Asparagus racemosus,Asparagaceae,India,Supports female hormonal health|Supports lactation|Aids digestion,Caution with estrogen-sensitive conditions,low,internal,Wild Asparagus
Adhaki,Cajanus cajan,Fabaceae,,Supports healthy weight management|Promotes wound healing|Cools and soothes heat-related bleeding|Improves nutrient absorption and helps manage diarrhea|Helps reduce excess fat,,low,internal,Pigeon Pea
Agastya,Sesbania grandiflora,Fabaceae,,Supports night vision|Relieves nasal congestion and cold|Helps reduce fever|Helps manage vomiting|Eases cough|Supports eye health,,low,internal,Hummingbird Tree
Agnimantha,Premna integrifolia,Verbenaceae,,Reduces swelling|Supports healthy blood levels|Helps manage hemorrhoids|Soothes vata-related disorders|Relieves pain|Purgative (professional use only),,low,internal,Dusky Fire Brand
Ahiphena,Papaver somniferum,Papaveraceae,,Helps manage diarrhea|Helps manage dysentery|Relieves pain|Promotes sleep|Improves nutrient absorption and helps manage diarrhea,Narcotic; controlled substance; never self-use,high,external,Opium Poppy
Aivana,Hyoscyamus niger,Solanaceae,,Eases abdominal pain|Promotes sleep|Eases tremors|Supports mental calm|Supports intestinal parasite management|Relieves pain|Note: has intoxicating properties - use with care,,low,internal,Henbane
Ajmoda,Apium graveolens,Apiaceae,,Aids digestion|Relieves flatulence and bloating|Supports abdominal health|Relieves pain|Soothes vata-related disorders|Stimulates digestion and appetite|Aids digestion of food and toxins|Supports healthy elimination of gas,,low,internal,Wild Celery
Akarakarabha,Anacyclus pyrethrum,Asteraceae,,Supports male reproductive health|Supports oral and throat health|Eases sciatic pain|Supports recovery in paralysis (adjunct care)|Stimulates weak digestion|Supports reproductive vitality|Soothes excess vata,,low,internal,Pellitory
Akhuparni,Ipomoea reniformis,Convolvulaceae,,Reduces swelling|Supports intestinal parasite management|Supports skin health in chronic conditions|Helps reduce fever|Promotes healthy urine flow,,low,internal,Kidney Leaf Morning Glory
Akshotaka,Juglans regia,Juglandaceae,,Soothes vata-related disorders|Builds strength|Supports chest and lung recovery|Supports recovery in debility|Relieves constipation|Supports memory and intellect|Builds strength and stamina|Nourishing and weight-building,,low,internal,Walnut
Alabu,Lagenaria siceraria,Cucurbitaceae,,Supports heart health|Eases cough|Eases breathing and respiratory discomfort|Builds strength and stamina,,low,internal,Bottle Gourd
Alarka,Calotropis procera,Apocynaceae,,Supports skin health in chronic conditions|Relieves itching|Reduces swelling|Supports intestinal parasite management|Helps manage hemorrhoids|Supports abdominal health|Purgative (professional use only),,low,internal,White Crown Flower
Ambasthaki,Hibiscus sabdariffa,Malvaceae,,Supports heart health|Improves taste and appetite|Stimulates weak digestion|Quenches excessive thirst|Promotes healthy urine flow,,low,internal,Roselle
Amlaparni,Rheum emodi,Polygonaceae,,Relieves constipation|Supports liver health|Relieves bloating|Soothes vata-related disorders|Purgative (professional use only)|Stimulates liver function,,low,internal,Indian Rhubarb
Amlavetasa,Garcinia pedunculata,Clusiaceae,,Improves taste and appetite|Aids digestion|Eases breathing and respiratory discomfort|Eases cough|Supports heart health|Stimulates digestion and appetite|Helps reduce excess fat,,low,internal,Assam Gamboge
Amra,Mangifera indica,Anacardiaceae,,Helps manage diarrhea|Helps manage dysentery|Cools and soothes heat-related bleeding|Supports urinary health (including diabetes care)|Improves taste and appetite|Builds strength and stamina|Supports reproductive vitality|Improves nutrient absorption and helps manage diarrhea,,low,internal,Mango
Amra Haridra,Curcuma amada,Zingiberaceae,,Stimulates weak digestion|Improves taste and appetite|Relieves itching|Reduces swelling|Eases cough|Stimulates digestion and appetite|Aids digestion of food and toxins,,low,internal,Mango Ginger
Amrita,Tinospora cordifolia,Menispermaceae,,Helps reduce fever|Supports liver health|Supports skin health in chronic conditions|Supports joints in gout-like conditions|Supports urinary health (including diabetes care),,low,internal,Heart-leaved Moonseed
Ankola,Alangium salviifolium,Alangiaceae,,Traditionally used in Ayurvedic management of toxins|Traditionally used in Ayurvedic management of venom exposure|Supports skin health in chronic conditions|Supports intestinal parasite management|Supports joints in inflammatory conditions|Supports detoxification from poisons|Antimicrobial and antiparasitic action,,low,internal,Sage-leaved Alangium
Apamarga,Achyranthes aspera,Amaranthaceae,,Supports intestinal parasite management|Supports lymphatic health|Supports healthy weight management|Eases cough|Helps reduce excess fat|Antimicrobial and antiparasitic action|Stimulates digestion and appetite,,low,internal,Prickly Chaff Flower
Aparajita,Clitoria ternatea,Fabaceae,,Supports mental calm|Supports skin health in chronic conditions|Traditionally used in Ayurvedic management of toxins|Reduces swelling|Supports memory and intellect,,low,internal,Butterfly Pea
Aragwadha,Cassia fistula,Fabaceae,,Supports skin health in chronic conditions|Supports healthy elimination|Helps reduce fever|Supports liver health|Supports heart health|Purgative (professional use only),,low,internal,Indian Laburnum
Aranya Jeeraka,Centratherum anthelminticum,Asteraceae,,Supports intestinal parasite management|Supports skin health in chronic conditions|Relieves itching|Supports urinary health (including diabetes care)|Reduces swelling|Antimicrobial and antiparasitic action,,low,internal,Wild Cumin
Ardraka,Zingiber officinale,Zingiberaceae,,Stimulates weak digestion|Aids digestion|Eases cough|Eases breathing and respiratory discomfort|Relieves nasal congestion and cold|Aids digestion of food and toxins|Stimulates digestion and appetite,,low,internal,Fresh Ginger
Arishtaka,Sapindus mukorossi,Sapindaceae,,Supports skin health in chronic conditions|Relieves itching|Traditionally used in Ayurvedic management of toxins|Supports healthy digestion and nutrient absorption|Supports intestinal parasite management|Emetic (professional use only)|Helps reduce excess fat,,low,internal,Soapnut
Arjuna,Terminalia arjuna,Combretaceae,,Supports heart health|Cools and soothes heat-related bleeding|Promotes wound healing|Supports bone fracture healing|Supports healthy weight management|Purifies the blood|Supports tissue repair and healing,,low,internal,Arjuna Tree
Arka,Calotropis gigantea,Apocynaceae,,Supports skin health in chronic conditions|Supports abdominal health|Helps manage hemorrhoids|Supports intestinal parasite management|Purgative (professional use only),,low,internal,Giant Calotrope
Asana,Pterocarpus marsupium,Fabaceae,,Supports urinary health (including diabetes care)|Supports healthy weight management|Supports skin health in chronic conditions|Supports skin health in pigmentary conditions|Supports intestinal parasite management|Supports healthy blood sugar|Purifies the blood,,low,internal,Indian Kino Tree
Ashoka,Saraca asoca,Fabaceae,,Supports menstrual health (heavy bleeding)|Cools and soothes heat-related bleeding|Relieves burning sensation|Supports uterine hygiene|Helps control excess discharge or bleeding,,low,internal,Ashoka Tree
Ashwattha,Ficus religiosa,Moraceae,,Cools and soothes heat-related bleeding|Promotes wound healing|Supports joints in gout-like conditions|Supports vaginal health|Supports skin health in spreading rashes|Promotes healthy skin complexion,,low,internal,Sacred Fig
Asthishrinkhala,Cissus quadrangularis,Vitaceae,,Supports bone fracture healing|Supports bone strength|Eases joint pain|Helps manage hemorrhoids|Supports tissue repair and healing|Builds strength and stamina,,low,internal,Veldt Grape
Atibala,Abutilon indicum,Malvaceae,,Soothes vata-related disorders|Supports recovery in debility|Supports urinary health (including diabetes care)|Cools and soothes heat-related bleeding|Builds strength and stamina|Soothes excess vata,,low,internal,Indian Mallow
Ativisha,Aconitum heterophyllum,Ranunculaceae,,Helps reduce fever|Helps manage diarrhea|Eases cough|Helps manage vomiting|Aids digestion of toxins|Stimulates digestion and appetite|Aids digestion of food and toxins,,low,internal,Indian Atees
Babbula,Acacia nilotica,Fabaceae,,Supports gum health|Eases cough|Helps manage diarrhea|Helps manage dysentery|Cools and soothes heat-related bleeding|Supports teeth and gum health|Cleanses wounds,,low,internal,Gum Arabic Tree
Badara,Ziziphus mauritiana,Rhamnaceae,,Cools and soothes heat-related bleeding|Quenches excessive thirst|Relieves burning sensation|Relieves fatigue|Improves taste and appetite|Builds strength and stamina|Improves nutrient absorption and helps manage diarrhea,,low,internal,Indian Jujube
Bakuchi,Psoralea corylifolia,Fabaceae,,Supports skin health in pigmentary conditions|Supports skin health in chronic conditions|Supports intestinal parasite management|Supports hair growth|Supports healthy blood levels|Promotes healthy skin complexion|Rejuvenating; promotes vitality and immunity,,low,internal,Purple Fleabane
Bakula,Mimusops elengi,Sapotaceae,,Supports gum health|Supports oral health (mouth ulcers)|Cools and soothes heat-related bleeding|Supports intestinal parasite management|Helps manage diarrhea|Improves nutrient absorption and helps manage diarrhea|Helps control bleeding,,low,internal,Bullet Wood Tree
Bala,Sida cordifolia,Malvaceae,,Soothes vata-related disorders|Supports recovery in debility|Builds strength|Cools and soothes heat-related bleeding|Supports urinary health (including diabetes care)|Builds strength and stamina|Rejuvenating; promotes vitality and immunity|Nourishing and weight-building,,low,internal,Country Mallow
Bandhuka,Pentapetes phoenicea,Malvaceae,,Relieves burning sensation|Cools and soothes heat-related bleeding|Supports menstrual health (heavy bleeding)|Helps manage diarrhea|Supports heart health,,low,internal,Scarlet Mallow
Bhadra,Aerva lanata,Amaranthaceae,,Reduces swelling|Promotes healthy urine flow|Helps dissolve urinary stones,,low,internal,Mountain Knot Grass
Bhallataka,Semecarpus anacardium,Anacardiaceae,,Helps manage hemorrhoids|Supports skin health in chronic conditions|Supports intestinal parasite management|Supports healthy digestion and nutrient absorption|Supports abdominal health|Reduces swelling|Aids digestion of food and toxins,Caustic; requires careful processing before use,high,external,Marking Nut
Bhanga,Cannabis sativa,Cannabaceae,,Helps manage diarrhea|Supports healthy digestion and nutrient absorption|Relieves pain|Promotes sleep|Eases muscular spasms and rigidity|Note: has intoxicating properties - use with care,Psychoactive; not for self-medication,high,external,Cannabis
Bharangi,Rotheca serrata,Lamiaceae,,Eases breathing and respiratory discomfort|Eases cough|Relieves hiccups|Helps reduce fever|Relieves nasal congestion and cold|Eases breathing|Relieves cough,,low,internal,Blue Fountain Bush
Bhumi Jambuka,Premna herbacea,Lamiaceae,,Supports joints in inflammatory conditions|Eases cough|Eases breathing and respiratory discomfort|Reduces swelling|Soothes vata-related disorders|Soothes excess vata,,low,internal,Pygmy Premna
Bhumyamalaki,Phyllanthus niruri,Phyllanthaceae,,Supports liver health|Supports liver and spleen health|Supports urinary health (including diabetes care)|Quenches excessive thirst|Stimulates liver function|Relieves cough|Promotes healthy urine flow,,low,internal,Gale of the Wind
Bhunimba,Andrographis paniculata,Acanthaceae,,Helps reduce fever|Supports liver health|Supports liver and spleen health|Supports intestinal parasite management|Supports skin health in chronic conditions|Soothes excess pitta|Purifies and tones the blood,,low,internal,King of Bitters
Bhurja,Betula utilis,Betulaceae,,Traditionally used in Ayurvedic management of toxins|Supports skin health in chronic conditions|Supports ear health|Cools and soothes heat-related bleeding|Supports uterine health|Supports detoxification from poisons,,low,internal,Himalayan Birch
Bhutakeshi,Selinum wallichianum,Apiaceae,,Supports nervous system health|Supports mental calm|Supports mental calm and wellbeing|Soothes vata-related disorders|Supports memory and intellect|Soothes excess vata,,low,internal,Wallich Celery
Bhutika,Cymbopogon citratus,Poaceae,,Stimulates weak digestion|Eases abdominal pain|Helps reduce fever|Relieves nasal congestion and cold|Relieves flatulence and bloating|Stimulates digestion and appetite,,low,internal,Lemongrass
Bibhitaki,Terminalia bellirica,Combretaceae,,Eases cough|Eases breathing and respiratory discomfort|Supports voice and vocal clarity|Supports eye health|Supports intestinal parasite management|Relieves cough|Antimicrobial and antiparasitic action,,low,internal,Beleric Myrobalan
Bilva,Aegle marmelos,Rutaceae,,Supports healthy digestion and nutrient absorption|Helps manage diarrhea|Helps manage dysentery|Stimulates weak digestion|Relieves pain|Improves nutrient absorption and helps manage diarrhea|Stimulates digestion and appetite,,low,internal,Bael Tree
Bimbi,Coccinia grandis,Cucurbitaceae,,Supports urinary health (including diabetes care)|Supports liver health|Relieves itching|Reduces swelling|Promotes wound healing|Supports healthy blood sugar|Reduces excess fat,,low,internal,Ivy Gourd
Brihati,Solanum indicum,Solanaceae,,Eases breathing and respiratory discomfort|Eases cough|Improves taste and appetite|Supports heart health|Helps reduce fever|Relieves cough|Reduces swelling|Stimulates digestion and appetite,,low,internal,Indian Nightshade
Chakragaja,Celosia argentea,Amaranthaceae,,Helps manage diarrhea|Cools and soothes heat-related bleeding|Supports eye health|Promotes healthy urine flow|Helps dissolve urinary stones,,low,internal,White Cockscomb
Chakramarda,Cassia tora,Fabaceae,,Supports skin health in fungal conditions|Relieves itching|Supports skin health in itchy eruptions|Supports skin health in chronic conditions|Eases breathing and respiratory discomfort|Mild laxative,,low,internal,Ringworm Plant
Chakshushya,Cassia absus,Fabaceae,,Supports eye health|Supports eye comfort in inflammation|Helps manage diarrhea|Promotes wound healing|Cools and soothes heat-related bleeding|Improves nutrient absorption and helps manage diarrhea,,low,internal,Jasmeelang
Chana,Cicer arietinum,Fabaceae,,Soothes vata-related disorders|Supports recovery in debility|Helps reduce fever|Cools and soothes heat-related bleeding|Supports urinary health (including diabetes care)|Nourishing and weight-building|Supports reproductive vitality,,low,internal,Bengal Gram
Chandana,Santalum album,Santalaceae,,Relieves burning sensation|Cools and soothes heat-related bleeding|Quenches excessive thirst|Supports skin health in chronic conditions|Promotes healthy urine flow|Supports eye health|Promotes healthy skin complexion,,low,internal,White Sandalwood
Chandrashura,Lepidium sativum,Brassicaceae,,Soothes vata-related disorders|Supports recovery in debility|Supports breast milk production|Builds strength|Builds strength and stamina,,low,internal,Garden Cress
Changeri,Oxalis corniculata,Oxalidaceae,,Supports healthy digestion and nutrient absorption|Helps manage hemorrhoids|Helps manage diarrhea|Stimulates weak digestion|Improves nutrient absorption and helps manage diarrhea|Stimulates digestion and appetite,,low,internal,Indian Sorrel
Chavika,Piper chaba,Piperaceae,,Stimulates weak digestion|Relieves bloating|Relieves pain|Helps manage hemorrhoids|Supports abdominal health|Stimulates digestion and appetite|Aids digestion of food and toxins,,low,internal,Long Pepper Stem
Chavya,Piper retrofractum,Piperaceae,,Helps manage hemorrhoids|Supports abdominal health|Relieves bloating|Relieves pain|Supports intestinal parasite management|Stimulates digestion and appetite|Aids digestion of food and toxins|Antimicrobial and antiparasitic action,,low,internal,Java Long Pepper
Chhatraka,Agaricus campestris,Agaricaceae,,Builds strength|Supports healthy weight gain|Cools and soothes heat-related bleeding|Supports breast milk production|Builds strength and stamina|Nourishing and weight-building,,low,internal,Mushroom
Chirabilva,Holoptelea integrifolia,Ulmaceae,,Helps manage hemorrhoids|Reduces swelling|Supports healthy digestion and nutrient absorption|Supports skin health in chronic conditions|Supports urinary health (including diabetes care)|Helps reduce excess fat|Improves nutrient absorption and helps manage diarrhea,,low,internal,Indian Elm
Chirayata,Swertia chirayita,Gentianaceae,,Helps reduce fever|Helps manage recurring fever|Supports liver health|Supports skin health in chronic conditions|Supports intestinal parasite management|Stimulates liver function|Antimicrobial and antiparasitic action,,low,internal,East Indian Balmony
Chitrak,Plumbago zeylanica,Plumbaginaceae,,Supports healthy digestion and nutrient absorption|Helps manage hemorrhoids|Reduces swelling|Supports abdominal health|Supports skin health in chronic conditions|Stimulates digestion and appetite|Aids digestion of food and toxins|Helps reduce excess fat,,low,internal,Leadwort
Chopchini,Smilax china,Smilacaceae,,Supports skin health in chronic conditions|Supports joints in gout-like conditions|Supports joint health|Reduces swelling|Relieves pain|Supports reproductive vitality,,low,internal,China Root
Dadima,Punica granatum,Lythraceae,,Improves taste and appetite|Quenches excessive thirst|Relieves burning sensation|Helps manage diarrhea|Helps manage dysentery|Purifies and tones the blood|Stimulates digestion and appetite,,low,internal,Pomegranate
Dadrughna,Senna alata,Fabaceae,,Supports skin health in fungal conditions|Supports skin health in chronic conditions|Relieves itching|Relieves constipation,,low,internal,Ringworm Bush
Danti,Baliospermum montanum,Euphorbiaceae,,Supports abdominal health|Helps manage hemorrhoids|Reduces swelling|Supports intestinal parasite management|Mild laxative,Strong purgative; not for self-use,medium,external,Red Physic Nut
Devadali,Luffa echinata,Cucurbitaceae,,Supports liver health|Supports spleen health|Reduces swelling|Supports intestinal parasite management|Emetic (professional use only)|Antimicrobial and antiparasitic action,,low,internal,Bristly Luffa
Devadaru,Cedrus deodara,Pinaceae,,Soothes vata-related disorders|Eases cough|Relieves nasal congestion and cold|Relieves itching|Reduces swelling|Relieves cough,,low,internal,Himalayan Cedar
Dhamargava,Luffa cylindrica,Cucurbitaceae,,Supports liver health|Supports healthy blood levels|Supports skin health in chronic conditions|Supports abdominal health|Emetic (professional use only)|Stimulates liver function,,low,internal,Sponge Gourd
Dhamasa,Fagonia indica,Zygophyllaceae,,Cools and soothes heat-related bleeding|Helps reduce fever|Relieves burning sensation|Quenches excessive thirst|Supports skin health in chronic conditions|Purifies the blood,,low,internal,Fagonia
Dhataki,Woodfordia fruticosa,Lythraceae,,Helps manage diarrhea|Helps manage dysentery|Supports menstrual health (heavy bleeding)|Quenches excessive thirst|Promotes wound healing|Supports uterine hygiene|Improves nutrient absorption and helps manage diarrhea,,low,internal,Fire Flame Bush
Dhattura,Datura metel,Solanaceae,,Eases cough|Eases breathing and respiratory discomfort|Supports skin health in chronic conditions|Helps reduce fever|Promotes wound healing|Relieves cough|Eases breathing|Relieves pain,All parts highly toxic; not for self-use,high,external,Jimsonweed
Dhava,Anogeissus latifolia,Combretaceae,,Supports urinary health (including diabetes care)|Helps manage diarrhea|Supports skin health in chronic conditions|Supports healthy blood levels|Cools and soothes heat-related bleeding|Improves nutrient absorption and helps manage diarrhea|Helps control bleeding,,low,internal,Axlewood Tree
Draksha,Vitis vinifera,Vitaceae,,Quenches excessive thirst|Relieves burning sensation|Supports recovery in debility|Supports clarity of mind|Cools and soothes heat-related bleeding|Builds strength and stamina,,low,internal,Grape
Dronapushpi,Leucas cephalotes,Lamiaceae,,Helps reduce fever|Supports liver health|Reduces swelling|Eases cough|Eases breathing and respiratory discomfort|Stimulates liver function,,low,internal,Leucas
Dugdhika,Euphorbia hirta,Euphorbiaceae,,Eases breathing and respiratory discomfort|Eases cough|Supports intestinal parasite management|Helps manage diarrhea|Supports male reproductive health|Eases breathing|Antimicrobial and antiparasitic action,,low,internal,Asthma Plant
Durva,Cynodon dactylon,Poaceae,,Cools and soothes heat-related bleeding|Quenches excessive thirst|Relieves burning sensation|Supports skin health in spreading rashes|Promotes wound healing|Helps control bleeding|Promotes healthy skin complexion,,low,internal,Bermuda Grass
Eranda,Ricinus communis,Euphorbiaceae,,Soothes vata-related disorders|Supports joints in inflammatory conditions|Relieves pain|Supports abdominal health|Eases lower-back pain|Supports healthy elimination of gas,Seeds contain ricin (highly toxic); only processed oil should be used,high,external,Castor
Gajapippali,Scindapsus officinalis,Araceae,,Stimulates weak digestion|Helps manage diarrhea|Eases cough|Eases breathing and respiratory discomfort|Soothes the throat|Relieves cough|Stimulates digestion and appetite,,low,internal,Official Elephant Pepper
Gambhari,Gmelina arborea,Lamiaceae,,Relieves burning sensation|Quenches excessive thirst|Helps reduce fever|Cools and soothes heat-related bleeding|Relieves dizziness|Reduces swelling|Builds strength and stamina,,low,internal,Beechwood
Gangeruki,Grewia tenax,Malvaceae,,Cools and soothes heat-related bleeding|Quenches excessive thirst|Relieves burning sensation|Supports chest and lung recovery|Builds strength|Builds strength and stamina,,low,internal,White Crossberry
Gavedhuka,Coix lacryma-jobi,Poaceae,,Supports healthy weight management|Reduces swelling|Helps reduce excess fat|Promotes healthy urine flow,,low,internal,Job's Tears
Godhuma,Triticum aestivum,Poaceae,,Builds strength|Soothes vata-related disorders|Supports chest and lung recovery|Supports bone fracture healing|Promotes wound healing|Builds strength and stamina|Nourishing and weight-building|Supports reproductive vitality,,low,internal,Wheat
Gojihva,Onosma bracteata,Boraginaceae,,Helps reduce fever|Cools and soothes heat-related bleeding|Eases cough|Eases breathing and respiratory discomfort|Promotes wound healing|Quenches excessive thirst|Purifies and tones the blood,,low,internal,Sedge
Gokshura,Tribulus terrestris,Zygophyllaceae,,Supports urinary health (including diabetes care)|Supports male reproductive health|Supports heart health|Promotes healthy urine flow|Supports reproductive vitality|Rejuvenating; promotes vitality and immunity|Reduces swelling,,low,internal,Puncture Vine
Gorakhmundi,Sphaeranthus indicus,Asteraceae,,Supports lymphatic health|Supports intestinal parasite management|Supports skin health in chronic conditions|Promotes healthy urine flow|Purifies the blood|Stimulates digestion and appetite,,low,internal,East Indian Globe Thistle
Granthiparni,Angelica glauca,Apiaceae,,Stimulates weak digestion|Eases breathing and respiratory discomfort|Eases cough|Relieves hiccups|Supports nervous system health|Stimulates digestion and appetite|Eases breathing,,low,internal,Angelica
Grinjana,Daucus carota,Apiaceae,,Supports vision|Helps manage hemorrhoids|Stimulates weak digestion|Purifies the blood|Supports healthy digestion and nutrient absorption|Supports eye health|Improves nutrient absorption and helps manage diarrhea,,low,internal,Carrot
Guggulu,Commiphora mukul,Burseraceae,,Supports healthy weight management|Supports joints in inflammatory conditions|Supports joints in gout-like conditions|Supports glandular health|Supports skin health in chronic conditions|Helps reduce excess fat|Reduces swelling|Cleanses wounds,,low,internal,Indian Bdellium
Gunja,Abrus precatorius,Fabaceae,,Supports hair growth|Supports hair regrowth|Supports skin health in chronic conditions|Soothes vata-related disorders|Relieves itching|Promotes hair health,,low,internal,Rosary Pea
Hamsapadi,Adiantum lunulatum,Pteridaceae,,Promotes wound healing|Supports skin health in spreading rashes|Cools and soothes heat-related bleeding|Supports nervous system health|Traditionally used in Ayurvedic management of venom exposure|Purifies the blood|Supports memory and intellect,,low,internal,Walking Maidenhair Fern
Hapusa,Juniperus communis,Cupressaceae,,Supports joints in inflammatory conditions|Helps manage hemorrhoids|Supports abdominal health|Eases lower-back pain|Promotes healthy urine flow|Stimulates digestion and appetite,,low,internal,Juniper Berry
Haritaki,Terminalia chebula,Combretaceae,,Helps manage hemorrhoids|Supports abdominal health|Supports urinary health (including diabetes care)|Supports skin health in chronic conditions|Stimulates weak digestion|Rejuvenating; promotes vitality and immunity|Purgative (professional use only)|Supports eye health|Stimulates digestion and appetite,,low,internal,Chebulic Myrobalan
Hastikarna Palasha,Leea macrophylla,Vitaceae,,Supports lymphatic health|Reduces swelling|Supports intestinal parasite management|Helps manage hemorrhoids|Promotes wound healing|Antimicrobial and antiparasitic action,,low,internal,Large-leaved Leea
Hijal,Barringtonia acutangula,Lecythidaceae,,Helps manage diarrhea|Cools and soothes heat-related bleeding|Supports urinary health (including diabetes care)|Supports skin health in chronic conditions|Helps manage vomiting|Improves nutrient absorption and helps manage diarrhea|Helps control bleeding,,low,internal,Indian Oak
Himsra,Capparis sepiaria,Capparaceae,,Supports liver and spleen health|Supports spleen health|Supports abdominal health|Helps manage hemorrhoids|Stimulates weak digestion|Stimulates liver function|Stimulates digestion and appetite,,low,internal,Caper Bush
Hingu,Ferula assa-foetida,Apiaceae,,Supports abdominal health|Relieves bloating|Relieves pain|Supports intestinal parasite management|Aids digestion|Stimulates digestion and appetite|Aids digestion of food and toxins|Supports healthy elimination of gas,,low,internal,Asafoetida
Hrivera,Coleus vettiveroides,Lamiaceae,,Helps reduce fever|Helps manage diarrhea|Relieves burning sensation|Quenches excessive thirst|Helps manage vomiting|Improves nutrient absorption and helps manage diarrhea|Stimulates digestion and appetite,,low,internal,Black Vetiver
Ikshu,Saccharum officinarum,Poaceae,,Relieves burning sensation|Quenches excessive thirst|Cools and soothes heat-related bleeding|Supports recovery in debility|Promotes healthy urine flow,,low,internal,Sugarcane
Indravaruni,Citrullus colocynthis,Cucurbitaceae,,Supports liver health|Supports spleen health|Supports abdominal health|Supports intestinal parasite management|Relieves constipation|Purgative (professional use only)|Antimicrobial and antiparasitic action,,low,internal,Colocynth
Indrayava,Holarrhena antidysenterica,Apocynaceae,,Helps manage diarrhea|Helps manage dysentery|Cools and soothes heat-related bleeding|Helps reduce fever|Supports intestinal parasite management|Improves nutrient absorption and helps manage diarrhea|Antimicrobial and antiparasitic action|Purifies the blood,,low,internal,Conessi Seeds
Ingudi,Balanites aegyptiaca,Balanitaceae,,Supports skin health in chronic conditions|Promotes wound healing|Supports intestinal parasite management|Relieves itching|Eases breathing and respiratory discomfort|Antimicrobial and antiparasitic action,,low,internal,Desert Date
Ishabgula,Plantago ovata,Plantaginaceae,,Relieves constipation|Helps manage diarrhea|Helps manage dysentery|Supports stomach lining comfort|Purgative (professional use only)|Improves nutrient absorption and helps manage diarrhea,,low,internal,Psyllium Husk
Ishwari,Aristolochia indica,Aristolochiaceae,,Traditionally used in Ayurvedic management of toxins|Traditionally used in Ayurvedic management of venom exposure|Helps reduce fever|Supports intestinal parasite management|Promotes wound healing|Supports detoxification from poisons,,low,internal,Indian Birthwort
Jalapippali,Phyla nodiflora,Verbenaceae,,Helps manage bleeding hemorrhoids|Relieves dizziness|Relieves burning sensation|Helps reduce fever|Promotes healthy urine flow,,low,internal,Frog Fruit
Jalavetasa,Salix tetrasperma,Salicaceae,,Reduces swelling|Relieves pain|Cools and soothes heat-related bleeding|Helps reduce fever|Helps manage hemorrhoids,,low,internal,Indian Willow
Jambu,Syzygium cumini,Myrtaceae,,Supports urinary health (including diabetes care)|Helps manage diarrhea|Cools and soothes heat-related bleeding|Helps manage dysentery|Helps manage vomiting|Improves nutrient absorption and helps manage diarrhea|Supports healthy blood sugar,,low,internal,Black Plum
Jatamansi,Nardostachys jatamansi,Valerianaceae,,Supports mental calm|Supports nervous system health|Promotes sleep|Supports mental calm and wellbeing|Supports memory and intellect|Rejuvenating; promotes vitality and immunity|Relieves pain,,low,internal,Spikenard
Jati,Jasminum grandiflorum,Oleaceae,,Supports oral and throat health|Supports dental health and eases toothache|Promotes wound healing|Supports skin health in chronic conditions|Supports intestinal parasite management|Relieves pain|Relieves cough,,low,internal,Spanish Jasmine
Jatiphala,Myristica fragrans,Myristicaceae,,Helps manage diarrhea|Supports healthy digestion and nutrient absorption|Eases breathing and respiratory discomfort|Eases cough|Promotes sleep|Stimulates digestion and appetite|Improves nutrient absorption and helps manage diarrhea,,low,internal,Nutmeg
Jayapala,Croton tiglium,Euphorbiaceae,,Supports abdominal health|Helps reduce fever|Relieves constipation|Supports fluid balance (adjunct care)|Purgative (professional use only),,low,internal,Purging Croton
Jeeraka,Cuminum cyminum,Apiaceae,,Aids digestion|Helps manage diarrhea|Supports healthy digestion and nutrient absorption|Supports abdominal health|Supports intestinal parasite management|Stimulates digestion and appetite|Aids digestion of food and toxins|Improves nutrient absorption and helps manage diarrhea,,low,internal,Cumin Seeds
Jivaka,Malaxis acuminata,Orchidaceae,,Supports recovery in debility|Cools and soothes heat-related bleeding|Builds strength|Relieves fatigue|Rejuvenating; promotes vitality and immunity|Supports reproductive vitality|Rejuvenating and vitalizing,,low,internal,Jivaka Orchid
Jivanti,Leptadenia reticulata,Apocynaceae,,Supports recovery in debility|Builds strength|Supports eye health|Cools and soothes heat-related bleeding|Soothes vata-related disorders|Supports breast milk production,,low,internal,Cork Swallow-wort
Jyotishmati,Celastrus paniculatus,Celastraceae,,Supports memory|Soothes vata-related disorders|Supports male reproductive health|Supports skin health in chronic conditions|Relieves itching|Supports memory and intellect|Purgative (professional use only)|Stimulates digestion and appetite,,low,internal,Intellect Tree
Kachura,Curcuma zedoaria,Zingiberaceae,,Eases breathing and respiratory discomfort|Eases cough|Improves taste and appetite|Relieves hiccups|Promotes wound healing|Eases breathing|Soothes excess vata,,low,internal,Zedoary
Kadali,Musa paradisiaca,Musaceae,,Cools and soothes heat-related bleeding|Supports urinary health (including diabetes care)|Quenches excessive thirst|Relieves burning sensation|Supports urinary health|Improves nutrient absorption and helps manage diarrhea|Builds strength and stamina,,low,internal,Banana
Kadamba,Neolamarckia cadamba,Rubiaceae,,Helps reduce fever|Promotes wound healing|Relieves burning sensation|Cools and soothes heat-related bleeding,,low,internal,Burflower Tree
Kadara,Senegalia suma,Fabaceae,,Supports skin health in chronic conditions|Relieves itching|Supports urinary health (including diabetes care)|Purifies the blood|Supports oral health (mouth ulcers),,low,internal,White Cutch Tree
Kakajangha,Peristrophe paniculata,Acanthaceae,,Helps reduce fever|Reduces swelling|Promotes wound healing|Cools and soothes heat-related bleeding|Supports intestinal parasite management,,low,internal,Panicled Peristrophe
Kakatikta,Luffa amara,Cucurbitaceae,,Supports liver health|Supports liver and spleen health|Supports abdominal health|Relieves constipation|Reduces swelling|Stimulates liver function|Purgative (professional use only),,low,internal,Wild Bitter Luffa
Kakoli,Fritillaria roylei,Liliaceae,,Supports recovery in debility|Eases breathing and respiratory discomfort|Eases cough|Cools and soothes heat-related bleeding|Quenches excessive thirst|Rejuvenating; promotes vitality and immunity|Supports reproductive vitality|Rejuvenating and vitalizing,,low,internal,Roscoe's Lily
Kalajaji,Nigella sativa,Ranunculaceae,,Supports postpartum recovery|Stimulates weak digestion|Supports abdominal health|Relieves bloating|Supports intestinal parasite management|Stimulates digestion and appetite|Cleanses the uterus,,low,internal,Black Caraway
Kalamba,Ipomoea aquatica,Convolvulaceae,,Supports breast milk production|Builds strength|Relieves constipation|Cools and soothes heat-related bleeding|Builds strength and stamina,,low,internal,Water Spinach
Kamala,Nelumbo nucifera,Nelumbonaceae,,Cools and soothes heat-related bleeding|Relieves burning sensation|Quenches excessive thirst|Supports skin health in spreading rashes|Supports heart health|Promotes healthy skin complexion|Improves nutrient absorption and helps manage diarrhea,,low,internal,Sacred Lotus
Kampillaka,Mallotus philippensis,Euphorbiaceae,,Supports intestinal parasite management|Supports skin health in chronic conditions|Promotes wound healing|Supports abdominal health|Antimicrobial and antiparasitic action,,low,internal,Kamala Tree
Kanchanar,Bauhinia variegata,Fabaceae,,Supports lymphatic health|Supports glandular health|Supports management of growths (traditional use; not a substitute for medical care)|Helps reduce excess fat|Reduces swelling|Helps resolve glandular swellings,,low,internal,Orchid Tree
Kankataka,Flacourtia indica,Salicaceae,,Stimulates weak digestion|Eases cough|Eases breathing and respiratory discomfort|Supports liver health|Stimulates digestion and appetite|Relieves cough,,low,internal,Governor's Plum
Kankola,Piper cubeba,Piperaceae,,Supports oral and throat health|Improves taste and appetite|Supports heart health|Eases cough|Promotes healthy urine flow|Stimulates digestion and appetite,,low,internal,Cubeb Pepper
Kankra,Bruguiera gymnorhiza,Rhizophoraceae,,Helps manage diarrhea|Promotes wound healing|Helps manage dysentery|Helps control excess discharge or bleeding,,low,internal,Large-leafed Mangrove
Kantakari,Solanum surattense,Solanaceae,,Eases cough|Eases breathing and respiratory discomfort|Helps reduce fever|Relieves nasal congestion and cold|Eases flank pain|Eases breathing|Relieves cough,,low,internal,Yellow-berried Nightshade
Kapikachhu,Mucuna pruriens,Fabaceae,,Supports male reproductive health|Soothes vata-related disorders|Eases tremors|Builds strength|Supports recovery in debility|Supports reproductive vitality|Builds strength and stamina|Supports memory and intellect,,low,internal,Velvet Bean
Kapittha,Limonia acidissima,Rutaceae,,Helps manage diarrhea|Supports healthy digestion and nutrient absorption|Relieves hiccups|Helps manage vomiting|Traditionally used in Ayurvedic management of toxins|Improves nutrient absorption and helps manage diarrhea|Stimulates digestion and appetite,,low,internal,Wood Apple
Karanja,Pongamia pinnata,Fabaceae,,Supports skin health in chronic conditions|Supports intestinal parasite management|Promotes wound healing|Helps manage hemorrhoids|Supports healthy elimination|Cleanses wounds|Antimicrobial and antiparasitic action,Seeds are toxic; external use preferred,medium,external,Indian Beech
Karavira,Nerium oleander,Apocynaceae,,Supports skin health in chronic conditions|Promotes wound healing|Relieves itching|Supports intestinal parasite management|Supports urogenital health in chronic conditions|Cleanses wounds,,low,internal,Oleander
Karira,Capparis decidua,Capparaceae,,Supports joints in inflammatory conditions|Stimulates weak digestion|Helps manage hemorrhoids|Supports skin health in chronic conditions|Reduces swelling|Stimulates digestion and appetite|Soothes excess vata,,low,internal,Caperberry
Karkatashringi,Pistacia integerrima,Anacardiaceae,,Eases cough|Eases breathing and respiratory discomfort|Relieves hiccups|Helps manage diarrhea|Helps reduce fever|Relieves cough|Eases breathing|Improves nutrient absorption and helps manage diarrhea,,low,internal,Crab's Claw
Karmaranga,Averrhoa carambola,Oxalidaceae,,Improves taste and appetite|Stimulates weak digestion|Quenches excessive thirst|Relieves constipation|Stimulates digestion and appetite|Purgative (professional use only),,low,internal,Star Fruit
Karnikara,Pterospermum acerifolium,Malvaceae,,Promotes wound healing|Cools and soothes heat-related bleeding|Relieves headache|Supports skin health in chronic conditions|Reduces swelling,,low,internal,Dinner Plate Tree
Karpasa,Gossypium herbaceum,Malvaceae,,Supports breast milk production|Supports regular menstruation|Relieves dizziness|Builds strength|Builds strength and stamina,,low,internal,Levant Cotton
Karpura,Cinnamomum camphora,Lauraceae,,Eases cough|Eases breathing and respiratory discomfort|Relieves itching|Quenches excessive thirst|Supports oral and throat health|Relieves cough|Eases breathing|Antimicrobial and antiparasitic action,,low,internal,Camphor
Karvellaka,Momordica charantia,Cucurbitaceae,,Supports urinary health (including diabetes care)|Supports skin health in chronic conditions|Supports intestinal parasite management|Supports liver health|Purifies the blood|Supports healthy blood sugar|Stimulates liver function,,low,internal,Bitter Gourd
Kasamarda,Senna occidentalis,Fabaceae,,Eases cough|Eases breathing and respiratory discomfort|Supports skin health in chronic conditions|Supports intestinal parasite management|Promotes wound healing|Relieves cough,,low,internal,Coffee Senna
Kasani,Cichorium intybus,Asteraceae,,Supports liver and spleen health|Supports liver health|Supports spleen health|Stimulates liver function|Promotes healthy urine flow,,low,internal,Chicory
Kasheruka,Scirpus grossus,Cyperaceae,,Relieves burning sensation|Quenches excessive thirst|Cools and soothes heat-related bleeding|Builds strength|Supports reproductive vitality|Promotes healthy urine flow,,low,internal,Greater Club Rush
Kataka,Strychnos potatorum,Loganiaceae,,Supports eye health|Supports urinary health (including diabetes care)|Traditionally used in Ayurvedic management of toxins|Supports detoxification from poisons,,low,internal,Clearing Nut Tree
Katphala,Myrica esculenta,Myricaceae,,Eases cough|Eases breathing and respiratory discomfort|Helps reduce fever|Improves taste and appetite|Supports oral and throat health|Relieves cough,,low,internal,Bayberry
Katuki,Picrorhiza kurroa,Plantaginaceae,,Supports liver health|Helps reduce fever|Supports liver and spleen health|Supports skin health in chronic conditions|Improves taste and appetite|Soothes excess pitta|Stimulates liver function,,low,internal,Kutki
Kembuka,Hellenia speciosa,Costaceae,,Eases cough|Eases breathing and respiratory discomfort|Supports skin health in chronic conditions|Supports intestinal parasite management|Supports urinary health (including diabetes care)|Relieves cough,,low,internal,Crepe Ginger
Ketaki,Pandanus odorifer,Pandanaceae,,Supports eye health|Supports skin health in chronic conditions|Supports memory and intellect,,low,internal,Fragrant Screw Pine
Khadira,Acacia catechu,Fabaceae,,Supports skin health in chronic conditions|Supports intestinal parasite management|Supports urinary health (including diabetes care)|Cools and soothes heat-related bleeding|Purifies the blood|Improves nutrient absorption and helps manage diarrhea,,low,internal,Cutch Tree
Kharbhuja,Cucumis melo,Cucurbitaceae,,Quenches excessive thirst|Relieves burning sensation|Relieves fatigue|Promotes healthy urine flow|Builds strength and stamina,,low,internal,Muskmelon
Kharjura,Phoenix dactylifera,Arecaceae,,Supports chest and lung recovery|Supports recovery in debility|Cools and soothes heat-related bleeding|Quenches excessive thirst|Supports clarity of mind|Builds strength and stamina|Supports reproductive vitality|Nourishing and weight-building,,low,internal,Date Palm
Kiratatikta,Swertia chirata,Gentianaceae,,Helps reduce fever|Helps manage severe fever|Quenches excessive thirst|Supports intestinal parasite management|Cools and soothes heat-related bleeding|Stimulates digestion and appetite,,low,internal,Chiretta
Kokilaksha,Asteracantha longifolia,Acanthaceae,,Supports joints in gout-like conditions|Supports male reproductive health|Supports reproductive vitality|Builds strength and stamina|Promotes healthy urine flow,,low,internal,Marsh Barbel
Koshamra,Schleichera oleosa,Sapindaceae,,Supports skin health in chronic conditions|Relieves itching|Promotes wound healing|Supports hair growth|Promotes hair health,,low,internal,Ceylon Oak
Koshataki,Luffa acutangula,Cucurbitaceae,,Supports skin health in chronic conditions|Supports liver health|Supports spleen health|Reduces swelling|Supports abdominal health|Stimulates liver function|Purgative (professional use only),,low,internal,Angled Luffa
Krishna Jeeraka,Carum carvi,Apiaceae,,Aids digestion|Supports healthy digestion and nutrient absorption|Relieves bloating|Relieves pain|Supports intestinal parasite management|Stimulates digestion and appetite|Supports eye health,,low,internal,Black Cumin
Kshavaka,Centipeda minima,Asteraceae,,Relieves nasal congestion and cold|Eases cough|Eases breathing and respiratory discomfort|Supports intestinal parasite management|Relieves cough|Relieves pain,,low,internal,Sneezewort
Kulattha,Macrotyloma uniflorum,Fabaceae,,Supports healthy weight management|Eases cough|Eases breathing and respiratory discomfort|Helps dissolve urinary stones|Helps reduce excess fat|Relieves cough,,low,internal,Horse Gram
Kumbhika,Pistia stratiotes,Araceae,,Reduces swelling|Supports skin health in chronic conditions|Promotes wound healing|Cools and soothes heat-related bleeding,,low,internal,Water Lettuce
Kumkuma,Crocus sativus,Iridaceae,,Supports skin clarity|Supports vision|Supports joints in gout-like conditions|Promotes healthy skin complexion|Supports breast milk production,,low,internal,Saffron
Kumuda,Nymphaea alba,Nymphaeaceae,,Relieves burning sensation|Cools and soothes heat-related bleeding|Helps reduce fever|Supports heart health|Cools the blood,,low,internal,White Water Lily
Kurabaka,Barleria cristata,Acanthaceae,,Reduces swelling|Eases joint pain|Cools and soothes heat-related bleeding|Eases cough|Supports skin health in chronic conditions|Relieves pain,,low,internal,Crested Philippine Violet
Kusha,Desmostachya bipinnata,Poaceae,,Cools and soothes heat-related bleeding|Supports menstrual health (heavy bleeding)|Promotes healthy urine flow,,low,internal,Halfa Grass
Kushmanda,Benincasa hispida,Cucurbitaceae,,Supports mental calm|Supports nervous system health|Cools and soothes heat-related bleeding|Relieves burning sensation|Supports memory and intellect|Promotes healthy urine flow|Builds strength and stamina,,low,internal,Ash Gourd
Kushtha,Saussurea costus,Asteraceae,,Soothes vata-related disorders|Eases cough|Eases breathing and respiratory discomfort|Supports skin health in chronic conditions|Relieves itching|Soothes excess vata|Supports reproductive vitality,,low,internal,Costus
Kusumbha,Carthamus tinctorius,Asteraceae,,Helps manage hemorrhoids|Relieves constipation|Purifies the blood|Supports heart health|Relieves nasal congestion and cold|Purgative (professional use only),,low,internal,Safflower
Kutaj,Holarrhena antidysenterica,Apocynaceae,,Helps manage diarrhea|Helps manage dysentery|Supports healthy digestion and nutrient absorption|Helps manage hemorrhoids|Cools and soothes heat-related bleeding|Improves nutrient absorption and helps manage diarrhea|Antimicrobial and antiparasitic action|Relieves pain,,low,internal,Conessi Tree
Lajjalu,Mimosa pudica,Fabaceae,,Cools and soothes heat-related bleeding|Helps manage diarrhea|Promotes wound healing|Supports urinary health (including diabetes care)|Relieves burning sensation|Helps control excess discharge or bleeding,,low,internal,Touch-Me-Not
Laksha,Laccifer lacca,Kerriidae,,Supports bone fracture healing|Promotes wound healing|Cools and soothes heat-related bleeding|Eases cough|Supports skin health in chronic conditions|Supports bone healing|Helps control bleeding,,low,internal,Lac
Lakuca,Artocarpus lacoocha,Moraceae,,Stimulates weak digestion|Supports liver health|Relieves bloating|Purifies the blood|Stimulates digestion and appetite|Stimulates liver function,,low,internal,Monkey Jack
Langali,Gloriosa superba,Colchicaceae,,Supports skin health in chronic conditions|Promotes wound healing|Supports labor|Soothes vata-related disorders|Supports intestinal parasite management|Tones the uterus,,low,internal,Flame Lily
Lata Kasturi,Abelmoschus moschatus,Malvaceae,,Builds strength|Supports heart health|Supports male reproductive health|Supports reproductive vitality|Promotes healthy urine flow,,low,internal,Musk Mallow
Latakaranja,Caesalpinia crista,Fabaceae,,Supports recovery in malarial fever (adjunct care)|Supports intestinal parasite management|Relieves pain|Supports joints in inflammatory conditions|Helps reduce fever|Antimicrobial and antiparasitic action,,low,internal,Fever Nut
Lavali,Phyllanthus acidus,Phyllanthaceae,,Improves taste and appetite|Stimulates weak digestion|Relieves constipation|Quenches excessive thirst|Stimulates digestion and appetite|Purgative (professional use only),,low,internal,Malay Gooseberry
Lodhra,Symplocos racemosa,Symplocaceae,,Supports menstrual health (heavy bleeding)|Cools and soothes heat-related bleeding|Helps manage diarrhea|Supports eye health|Reduces swelling|Purifies and tones the blood|Supports uterine hygiene,,low,internal,Symplocos Tree
Madanaphala,Catunaregam spinosa,Rubiaceae,,Supports skin health in chronic conditions|Supports abdominal health|Helps manage hemorrhoids|Supports glandular health|Emetic (professional use only)|Helps reduce excess fat,,low,internal,Emetic Nut
Madayantika,Lawsonia inermis,Lythraceae,,Supports skin health in chronic conditions|Relieves burning sensation|Supports liver health|Cools and soothes heat-related bleeding|Promotes wound healing,,low,internal,Henna
Madhukarkati,Citrus maxima,Rutaceae,,Supports heart health|Improves taste and appetite|Stimulates weak digestion|Eases breathing and respiratory discomfort|Traditionally used in Ayurvedic management of toxins|Stimulates digestion and appetite,,low,internal,Pomelo
Mahabala,Sida rhombifolia,Malvaceae,,Soothes vata-related disorders|Supports recovery in paralysis (adjunct care)|Builds strength|Supports recovery in debility|Supports chest and lung recovery|Builds strength and stamina|Supports heart health|Rejuvenating; promotes vitality and immunity,,low,internal,Arrowleaf Sida
Mahanimba,Melia azedarach,Meliaceae,,Helps manage hemorrhoids|Supports skin health in chronic conditions|Supports intestinal parasite management|Cools and soothes heat-related bleeding|Supports urinary health (including diabetes care)|Antimicrobial and antiparasitic action|Purifies the blood,,low,internal,Persian Lilac
Makoy,Solanum nigrum,Solanaceae,,Supports liver and spleen health|Supports spleen health|Reduces swelling|Supports heart health|Helps manage hemorrhoids|Stimulates liver function|Supports reproductive vitality,,low,internal,Black Nightshade
Mamsarohini,Soymida febrifuga,Meliaceae,,Helps manage diarrhea|Promotes wound healing|Cools and soothes heat-related bleeding|Builds strength|Helps manage dysentery|Improves nutrient absorption and helps manage diarrhea,,low,internal,Indian Redwood
Mandukparni,Centella asiatica,Apiaceae,,Supports mental calm|Supports nervous system health|Supports skin health in chronic conditions|Supports urinary health|Eases cough|Supports memory and intellect,,low,internal,Gotu Kola
Manjistha,Rubia cordifolia,Rubiaceae,,Supports skin health in chronic conditions|Supports skin health in spreading rashes|Promotes wound healing|Purifies the blood|Supports urinary health (including diabetes care),,low,internal,Indian Madder
Masha,Vigna mungo,Fabaceae,,Soothes vata-related disorders|Supports recovery in debility|Supports male reproductive health|Supports facial nerve comfort|Supports recovery in paralysis (adjunct care)|Builds strength and stamina|Nourishing and weight-building,,low,internal,Black Gram
Mashaparni,Teramnus labialis,Fabaceae,,Soothes vata-related disorders|Supports reproductive vitality|Restores vitality and immunity|Cools and soothes heat-related bleeding|Reduces swelling|Nourishing and weight-building|Builds strength and stamina,,low,internal,Horse Vine
Masura,Lens culinaris,Fabaceae,,Helps manage diarrhea|Cools and soothes heat-related bleeding|Improves nutrient absorption and helps manage diarrhea|Builds strength and stamina,,low,internal,Lentil
Matsyakshi,Alternanthera sessilis,Amaranthaceae,,Cools and soothes heat-related bleeding|Supports skin health in chronic conditions|Eases cough|Supports eye health|Promotes healthy urine flow,,low,internal,Sessile Joyweed
Matulunga,Citrus medica,Rutaceae,,Improves taste and appetite|Aids digestion|Helps manage vomiting|Relieves pain|Supports abdominal health|Stimulates digestion and appetite|Supports healthy elimination of gas,,low,internal,Citron
Mayaphala,Quercus infectoria,Fagaceae,,"Helps manage diarrhea|Cools and soothes heat-related bleeding|Supports oral and throat health|Supports menstrual health (leukorrhea)|Astringent, tones tissues|Helps control excess discharge or bleeding",,low,internal,Magic Nut / Oak Gall
Mayurashikha,Actiniopteris radiata,Pteridaceae,,Helps manage diarrhea|Helps manage dysentery|Cools and soothes heat-related bleeding|Supports intestinal parasite management|Supports urinary health (including diabetes care)|Improves nutrient absorption and helps manage diarrhea|Helps control bleeding,,low,internal,Ray Fern
Meda,Polygonatum cirrhifolium,Asparagaceae,,Supports recovery in debility|Cools and soothes heat-related bleeding|Builds strength|Soothes vata-related disorders|Rejuvenating; promotes vitality and immunity|Nourishing and weight-building,,low,internal,Tendril-leaved Solomon's Seal
Medasaka,Litsea glutinosa,Lauraceae,,Supports bone fracture healing|Eases joint pain|Supports joints in inflammatory conditions|Helps manage diarrhea|Promotes wound healing|Reduces swelling|Builds strength and stamina,,low,internal,Glabrous Laurel
Meshashringi,Gymnema sylvestre,Apocynaceae,,Supports urinary health (including diabetes care)|Supports skin health in chronic conditions|Supports intestinal parasite management|Traditionally used in Ayurvedic management of toxins|Supports healthy blood sugar|Reduces excess fat,,low,internal,Gymnema
Mochras,Bombax ceiba,Malvaceae,,Helps manage diarrhea|Helps manage dysentery|Supports menstrual health (heavy bleeding)|Cools and soothes heat-related bleeding|Promotes wound healing|Helps control excess discharge or bleeding|Purifies and tones the blood,,low,internal,Silk Cotton Tree Resin
Mudga,Vigna radiata,Fabaceae,,Helps reduce fever|Cools and soothes heat-related bleeding|Supports eye health|Promotes wound healing|Improves nutrient absorption and helps manage diarrhea,,low,internal,Green Gram
Mudgaparni,Vigna trilobata,Fabaceae,,Supports chest and lung recovery|Cools and soothes heat-related bleeding|Helps reduce fever|Builds strength|Relieves burning sensation|Rejuvenating and vitalizing|Supports reproductive vitality|Supports eye health,,low,internal,Three-lobed Kidney Bean
Mulaka,Raphanus sativus,Brassicaceae,,Stimulates weak digestion|Helps manage hemorrhoids|Supports abdominal health|Relieves nasal congestion and cold|Eases cough|Stimulates digestion and appetite|Supports heart health,,low,internal,Radish
Muranji,Moringa concanensis,Moringaceae,,Reduces swelling|Supports resolution of abscesses|Supports intestinal parasite management|Supports healthy weight management|Antimicrobial and antiparasitic action,,low,internal,Konkan Moringa
Murva,Marsdenia tenacissima,Apocynaceae,,Helps reduce fever|Supports skin health in chronic conditions|Supports urinary health (including diabetes care)|Promotes wound healing|Supports intestinal parasite management|Purifies the blood,,low,internal,Marsdenia
Nadi Hingu,Gardenia gummifera,Rubiaceae,,Eases abdominal pain|Relieves bloating|Stimulates weak digestion|Supports intestinal parasite management|Relieves pain|Stimulates digestion and appetite,,low,internal,Gummy Gardenia
Nagabala,Grewia hirsuta,Malvaceae,,Supports chest and lung recovery|Supports recovery in debility|Cools and soothes heat-related bleeding|Builds strength|Soothes vata-related disorders|Builds strength and stamina|Rejuvenating; promotes vitality and immunity,,low,internal,Snake Mallow
Nagadanti,Heliotropium indicum,Boraginaceae,,Promotes wound healing|Relieves itching|Traditionally used in Ayurvedic management of venom exposure|Helps reduce fever|Supports skin health in chronic conditions|Reduces swelling,,low,internal,Indian Turnsole
Nagakesara,Mesua ferrea,Calophyllaceae,,Cools and soothes heat-related bleeding|Helps manage hemorrhoids|Supports menstrual health (heavy bleeding)|Quenches excessive thirst|Helps manage vomiting|Helps control bleeding|Stimulates digestion and appetite,,low,internal,Ironwood Tree
Nagarmotha,Cyperus rotundus,Cyperaceae,,Helps manage diarrhea|Supports healthy digestion and nutrient absorption|Helps reduce fever|Quenches excessive thirst|Improves taste and appetite|Stimulates digestion and appetite|Aids digestion of food and toxins|Improves nutrient absorption and helps manage diarrhea,,low,internal,Nut Grass
Narikela,Cocos nucifera,Arecaceae,,Relieves burning sensation|Quenches excessive thirst|Supports recovery in debility|Builds strength|Builds strength and stamina|Nourishing and weight-building|Supports reproductive vitality,,low,internal,Coconut
Nikochaka,Pistacia vera,Anacardiaceae,,Builds strength|Soothes vata-related disorders|Supports recovery in debility|Supports healthy weight gain|Supports reproductive vitality|Builds strength and stamina,,low,internal,Pistachio
Nili,Indigofera tinctoria,Fabaceae,,Supports hair growth|Supports natural hair color|Supports liver and spleen health|Supports spleen health|Traditionally used in Ayurvedic management of toxins|Promotes hair health|Supports detoxification from poisons|Stimulates liver function,,low,internal,True Indigo
Nirgundi,Vitex negundo,Lamiaceae,,Soothes vata-related disorders|Supports joints in inflammatory conditions|Supports joint health|Reduces swelling|Supports intestinal parasite management|Relieves pain,,low,internal,Five-leaved Chaste Tree
Padmaka,Prunus cerasoides,Rosaceae,,Cools and soothes heat-related bleeding|Supports skin health in spreading rashes|Relieves burning sensation|Quenches excessive thirst|Supports a healthy pregnancy|Promotes healthy skin complexion|Helps control bleeding,,low,internal,Himalayan Wild Cherry
Palandu,Allium cepa,Amaryllidaceae,,Soothes vata-related disorders|Helps manage hemorrhoids|Supports male reproductive health|Improves taste and appetite|Reduces swelling|Supports reproductive vitality|Builds strength and stamina,,low,internal,Onion
Palankya,Spinacia oleracea,Amaranthaceae,,Supports healthy blood levels|Relieves constipation|Cools and soothes heat-related bleeding|Improves nutrient absorption and helps manage diarrhea|Supports healthy blood (hemoglobin),,low,internal,Spinach
Palasha,Butea monosperma,Fabaceae,,Supports intestinal parasite management|Traditionally used for mental-emotional balance|Supports skin health in chronic conditions|Helps manage hemorrhoids|Supports urinary health (including diabetes care)|Antimicrobial and antiparasitic action|Purifies the blood|Reduces swelling,,low,internal,Flame of the Forest
Panasa,Artocarpus heterophyllus,Moraceae,,Builds strength|Cools and soothes heat-related bleeding|Supports recovery in debility|Supports fertility (traditional use)|Builds strength and stamina|Nourishing and weight-building|Supports reproductive vitality,,low,internal,Jackfruit
Paribhadra,Erythrina variegata,Fabaceae,,Supports intestinal parasite management|Soothes vata-related disorders|Relieves itching|Promotes wound healing|Supports healthy weight management|Antimicrobial and antiparasitic action|Soothes excess vata,,low,internal,Indian Coral Tree
Parijata,Nyctanthes arbor-tristis,Oleaceae,,Eases sciatic pain|Supports joint health|Helps reduce fever|Eases cough|Supports intestinal parasite management|Soothes excess vata,,low,internal,Night-flowering Jasmine
Parnayavani,Coleus amboinicus,Lamiaceae,,Stimulates weak digestion|Aids digestion|Eases cough|Eases breathing and respiratory discomfort|Supports intestinal parasite management|Stimulates digestion and appetite|Aids digestion of food and toxins|Relieves cough,,low,internal,Indian Borage
Parpataka,Fumaria indica,Papaveraceae,,Helps reduce fever|Quenches excessive thirst|Cools and soothes heat-related bleeding|Relieves dizziness|Supports clarity of mind|Soothes excess pitta,,low,internal,Fine-leaved Fumitory
Pashanabheda,Bergenia ligulata,Saxifragaceae,,Supports urinary health (including diabetes care)|Helps manage hemorrhoids|Helps dissolve urinary stones|Promotes healthy urine flow,,low,internal,Stone Breaker
Patala,Stereospermum suaveolens,Bignoniaceae,,Eases breathing and respiratory discomfort|Reduces swelling|Soothes vata-related disorders|Relieves hiccups|Quenches excessive thirst|Supports healthy elimination of gas|Relieves pain,,low,internal,Trumpet Flower
Patha,Cissampelos pareira,Menispermaceae,,Helps reduce fever|Helps manage diarrhea|Promotes wound healing|Supports intestinal parasite management|Supports detoxification from poisons|Improves nutrient absorption and helps manage diarrhea,,low,internal,Velvetleaf
Patola,Trichosanthes dioica,Cucurbitaceae,,Helps reduce fever|Supports skin health in chronic conditions|Cools and soothes heat-related bleeding|Supports liver health|Quenches excessive thirst|Purifies the blood,,low,internal,Pointed Gourd
Pattanga,Biancaea sappan,Fabaceae,,Cools and soothes heat-related bleeding|Supports menstrual health (heavy bleeding)|Promotes wound healing|Relieves burning sensation|Supports oral and throat health|Helps control bleeding,,low,internal,Sappanwood
Pilu,Salvadora persica,Salvadoraceae,,Supports abdominal health|Helps manage hemorrhoids|Relieves bloating|Supports oral and throat health|Stimulates digestion and appetite|Reduces swelling,,low,internal,Toothbrush Tree
Pippali,Piper longum,Piperaceae,,Eases cough|Eases breathing and respiratory discomfort|Supports spleen health|Supports abdominal health|Helps manage hemorrhoids|Rejuvenating; promotes vitality and immunity|Stimulates digestion and appetite|Relieves cough|Supports reproductive vitality,,low,internal,Long Pepper
Plaksha,Ficus infectoria,Moraceae,,Cools and soothes heat-related bleeding|Promotes wound healing|Relieves burning sensation|Supports vaginal health|Supports skin health in spreading rashes|Helps control bleeding,,low,internal,White Fig
Prapunnada,Senna tora,Fabaceae,,Supports skin health in fungal conditions|Supports skin health in chronic conditions|Relieves itching|Supports intestinal parasite management|Antimicrobial and antiparasitic action,,low,internal,Sickle Senna
Prasarini,Paederia foetida,Rubiaceae,,Soothes vata-related disorders|Eases sciatic pain|Supports joint health|Supports recovery in paralysis (adjunct care)|Supports joints in inflammatory conditions|Soothes excess vata|Supports tissue repair and healing,,low,internal,Stinkvine
Prativisha,Aconitum palmatum,Ranunculaceae,,Helps manage diarrhea|Supports healthy digestion and nutrient absorption|Helps reduce fever|Supports intestinal parasite management|Traditionally used in Ayurvedic management of toxins|Stimulates digestion and appetite,,low,internal,Aconite Alternative
Prishniparni,Uraria picta,Fabaceae,,Helps reduce fever|Quenches excessive thirst|Helps manage diarrhea|Soothes vata-related disorders|Supports bone fracture healing|Builds strength and stamina|Supports reproductive vitality|Supports tissue repair and healing,,low,internal,Pointed-leaved Uraria
Priyala,Buchanania lanzan,Anacardiaceae,,Builds strength|Supports male reproductive health|Cools and soothes heat-related bleeding|Quenches excessive thirst|Supports chest and lung recovery|Supports reproductive vitality|Nourishing and weight-building,,low,internal,Almondette
Priyangu,Callicarpa macrophylla,Lamiaceae,,Cools and soothes heat-related bleeding|Relieves burning sensation|Helps reduce fever|Promotes wound healing|Eases intestinal pain|Promotes healthy skin complexion,,low,internal,Beautyberry
Puga,Areca catechu,Arecaceae,,Improves taste and appetite|Dries up excess moisture|Supports oral and throat health|Supports vaginal health|Supports intestinal parasite management|Stimulates digestion and appetite,,low,internal,Areca Nut
Punarnava,Boerhavia diffusa,Nyctaginaceae,,Reduces swelling|Supports healthy blood levels|Supports heart health|Supports abdominal health|Promotes healthy urine flow|Rejuvenating; promotes vitality and immunity,,low,internal,Spreading Hogweed
Pushkarmool,Inula racemosa,Asteraceae,,Eases breathing and respiratory discomfort|Eases cough|Supports heart health|Eases flank pain|Relieves hiccups|Relieves cough|Eases breathing,,low,internal,Indian Elecampane
Putranjivaka,Putranjiva roxburghii,Putranjivaceae,,Supports fertility (traditional use)|Supports a healthy pregnancy|Restores vitality and immunity|Supports reproductive vitality,,low,internal,Child Life Tree
Rajamasha,Vigna unguiculata,Fabaceae,,Supports breast milk production|Supports healthy weight management|Soothes excess vata,,low,internal,Cowpea
Rajika,Brassica juncea,Brassicaceae,,Supports spleen health|Supports abdominal health|Supports intestinal parasite management|Relieves itching|Supports skin health in chronic conditions|Reduces swelling|Relieves pain,,low,internal,Indian Mustard
Rakta Chandana,Pterocarpus santalinus,Fabaceae,,Cools and soothes heat-related bleeding|Quenches excessive thirst|Helps reduce fever|Supports skin health in spreading rashes|Promotes wound healing|Purifies and tones the blood|Relieves burning sensation,,low,internal,Red Sandalwood
Raktamoola,Plumbago indica,Plumbaginaceae,,Stimulates weak digestion|Helps manage hemorrhoids|Supports healthy digestion and nutrient absorption|Supports abdominal health|Supports intestinal parasite management|Stimulates digestion and appetite|Aids digestion of food and toxins|Helps reduce excess fat,,low,internal,Indian Leadwort
Rasna,Pluchea lanceolata,Asteraceae,,Supports joints in inflammatory conditions|Supports joint health|Eases sciatic pain|Soothes vata-related disorders|Reduces swelling|Soothes excess vata,,low,internal,Indian Fleabane
Renuka,Vitex agnus-castus,Lamiaceae,,Supports menstrual health|Soothes vata-related disorders|Stimulates weak digestion|Relieves headache|Stimulates digestion and appetite|Soothes excess vata,,low,internal,Chaste Tree
Riddhi,Habenaria intermedia,Orchidaceae,,Supports chest and lung recovery|Cools and soothes heat-related bleeding|Builds strength|Soothes vata-related disorders|Rejuvenating; promotes vitality and immunity|Nourishing and weight-building,,low,internal,Riddhi Orchid
Rishabhaka,Malaxis muscifera,Orchidaceae,,Supports chest and lung recovery|Cools and soothes heat-related bleeding|Relieves burning sensation|Eases breathing and respiratory discomfort|Rejuvenating; promotes vitality and immunity|Supports reproductive vitality|Nourishing and weight-building,,low,internal,Rishabhaka Orchid
Rohisha,Cymbopogon martinii,Poaceae,,Supports joints in inflammatory conditions|Helps reduce fever|Relieves pain|Relieves itching,,low,internal,Palmarosa Grass
Rohitaka,Tecomella undulata,Bignoniaceae,,Supports spleen health|Supports liver and spleen health|Supports abdominal health|Purifies the blood|Stimulates digestion and appetite|Aids digestion of food and toxins,,low,internal,Desert Teak
Rudraksha,Elaeocarpus ganitrus,Elaeocarpaceae,,Supports healthy blood pressure|Supports mental calm|Supports nervous system health|Supports heart health|Relieves headache|Supports memory and intellect,,low,internal,Utrasum Bead Tree
Sadapushpi,Catharanthus roseus,Apocynaceae,,Supports urinary health (including diabetes care)|Supports blood health|Supports management of growths (traditional use; not a substitute for medical care)|Supports healthy blood sugar|Supports management of growths (traditional use),,low,internal,Madagascar Periwinkle
Sahachara,Barleria prionitis,Acanthaceae,,Soothes vata-related disorders|Eases joint pain|Supports skin health in chronic conditions|Supports hair growth|Relieves pain|Soothes excess vata,,low,internal,Porcupine Flower
Saireyaka,Barleria prionitis,Acanthaceae,,Supports skin health in chronic conditions|Reduces swelling|Soothes vata-related disorders|Supports dental health and eases toothache|Promotes hair health,,low,internal,Yellow Barleria
Saptala,Senegalia rugata,Fabaceae,,Promotes hair health|Relieves itching|Supports skin health in chronic conditions|Relieves constipation|Supports intestinal parasite management,,low,internal,Soap Pod
Saptaparna,Alstonia scholaris,Apocynaceae,,Helps reduce fever|Supports skin health in chronic conditions|Supports intestinal parasite management|Promotes wound healing|Supports abdominal health|Antimicrobial and antiparasitic action,,low,internal,Devil's Tree
Sariva,Hemidesmus indicus,Apocynaceae,,Relieves burning sensation|Cools and soothes heat-related bleeding|Quenches excessive thirst|Supports skin health in chronic conditions|Supports urinary health (including diabetes care)|Purifies the blood|Promotes healthy skin complexion,,low,internal,Indian Sarsaparilla
Sarja,Vateria indica,Dipterocarpaceae,,Promotes wound healing|Supports skin health in chronic conditions|Relieves itching|Traditionally used for mental-emotional balance|Traditionally used in Ayurvedic management of toxins|Supports detoxification from poisons,,low,internal,White Dammar
Sarpagandha,Rauvolfia serpentina,Apocynaceae,,Supports mental calm|Promotes sleep|Supports nervous system health|Relieves dizziness|Supports healthy blood pressure,,low,internal,Indian Snakeroot
Sarpaksi,Ophiorrhiza mungos,Rubiaceae,,Traditionally used in Ayurvedic management of venom exposure|Helps reduce fever|Supports intestinal parasite management|Supports skin health in chronic conditions|Supports detoxification from poisons,,low,internal,Mongoose Plant
Satina,Pisum sativum,Fabaceae,,Purifies the blood|Relieves burning sensation|Builds strength and stamina,,low,internal,Pea
Satyanashi,Argemone mexicana,Papaveraceae,,Supports skin health in chronic conditions|Relieves itching|Promotes wound healing|Relieves constipation|Purifies the blood|Purgative (professional use only),,low,internal,Mexican Prickly Poppy
Shaka,Tectona grandis,Lamiaceae,,Cools and soothes heat-related bleeding|Supports urinary health (including diabetes care)|Supports skin health in chronic conditions|Supports healthy weight management|Relieves burning sensation|Improves nutrient absorption and helps manage diarrhea,,low,internal,Teak Tree
Shallaki,Boswellia serrata,Burseraceae,,Supports joint health|Supports joints in inflammatory conditions|Promotes wound healing|Helps manage diarrhea|Cools and soothes heat-related bleeding|Reduces swelling|Improves nutrient absorption and helps manage diarrhea|Relieves pain,,low,internal,Indian Olibanum
Shalparni,Desmodium gangeticum,Fabaceae,,Helps reduce fever|Eases breathing and respiratory discomfort|Helps manage diarrhea|Supports recovery in debility|Helps manage vomiting|Supports healthy elimination of gas,,low,internal,Sal-leaved Desmodium
Shana,Crotalaria juncea,Fabaceae,,Cools and soothes heat-related bleeding|Supports menstrual health (heavy bleeding)|Supports uterine health|Relieves body ache|Helps control bleeding,,low,internal,Sunn Hemp
Shankhini,Canscora decussata,Gentianaceae,,Stimulates weak digestion|Relieves constipation|Supports mental calm|Supports nervous system health|Supports mental calm and wellbeing|Supports memory and intellect|Purgative (professional use only),,low,internal,Canscora
Shankhpushpi,Convolvulus pluricaulis,Convolvulaceae,,Supports mental calm|Supports nervous system health|Supports memory|Promotes sleep|Relieves dizziness|Supports memory and intellect|Rejuvenating; promotes vitality and immunity,,low,internal,Shankhpushpi
Shara,Saccharum munja,Poaceae,,Quenches excessive thirst|Relieves burning sensation|Cools and soothes heat-related bleeding|Promotes healthy urine flow|Cools the blood,,low,internal,Munja Grass
Sharapunkha,Tephrosia purpurea,Fabaceae,,Supports spleen health|Supports liver and spleen health|Supports abdominal health|Promotes wound healing|Supports skin health in chronic conditions|Stimulates liver function|Purifies the blood,,low,internal,Purple Tephrosia
Shati,Hedychium spicatum,Zingiberaceae,,Eases breathing and respiratory discomfort|Eases cough|Helps reduce fever|Promotes wound healing|Improves taste and appetite|Eases breathing|Aids digestion of food and toxins,,low,internal,Spiked Ginger Lily
Shigru,Moringa oleifera,Moringaceae,,Reduces swelling|Supports intestinal parasite management|Supports healthy weight management|Supports resolution of abscesses|Supports spleen health|Antimicrobial and antiparasitic action|Reduces excess fat,,low,internal,Drumstick Tree
Shigru Patra,Moringa oleifera,Moringaceae,,Supports intestinal parasite management|Reduces swelling|Supports healthy weight management|Supports eye health|Eases shoulder pain and stiffness|Builds strength and stamina|Aids digestion of food and toxins,,low,internal,Drumstick Tree Leaves
Shilajit,Asphaltum punjabianum,N/A,,Supports urinary health (including diabetes care)|Supports recovery in debility|Supports male reproductive health|Supports healthy weight management|Builds strength and stamina,,low,internal,Mineral Pitch
Shirisha,Albizia lebbeck,Fabaceae,,Traditionally used in Ayurvedic management of toxins|Eases breathing and respiratory discomfort|Eases cough|Supports skin health in chronic conditions|Supports skin health in spreading rashes|Supports detoxification from poisons|Eases breathing,,low,internal,Lebbeck Tree
Shrigataka,Trapa natans,Lythraceae,,Cools and soothes heat-related bleeding|Supports menstrual health (heavy bleeding)|Supports a healthy pregnancy|Relieves burning sensation|Builds strength|Supports reproductive vitality|Improves nutrient absorption and helps manage diarrhea|Cools the blood,,low,internal,Water Chestnut
Shunthi,Zingiber officinale,Zingiberaceae,,Supports joints in inflammatory conditions|Aids digestion|Supports healthy digestion and nutrient absorption|Eases cough|Eases breathing and respiratory discomfort|Stimulates digestion and appetite|Aids digestion of food and toxins|Rejuvenating; promotes vitality and immunity|Supports heart health,,low,internal,Dry Ginger
Shvet Musli,Chlorophytum borivilianum,Asparagaceae,,Supports male reproductive health|Builds strength|Restores vitality and immunity|Supports reproductive vitality|Builds strength and stamina|Nourishing and weight-building,,low,internal,White Musli
Shyonaka,Oroxylum indicum,Bignoniaceae,,Helps manage diarrhea|Helps manage dysentery|Supports joints in inflammatory conditions|Reduces swelling|Stimulates weak digestion|Improves nutrient absorption and helps manage diarrhea|Stimulates digestion and appetite,,low,internal,Broken Bones Plant
Simsapa,Dalbergia sissoo,Fabaceae,,Supports skin health in chronic conditions|Supports menstrual health (heavy bleeding)|Supports healthy weight management|Supports intestinal parasite management|Helps reduce fever|Reduces excess fat,,low,internal,Indian Rosewood
Snuhi,Euphorbia neriifolia,Euphorbiaceae,,Supports abdominal health|Supports skin health in chronic conditions|Helps manage hemorrhoids|Supports spleen health|Purgative (professional use only),,low,internal,Indian Spurge Tree
Somavalli,Sarcostemma acidum,Apocynaceae,,Supports recovery in debility|Quenches excessive thirst|Cools and soothes heat-related bleeding|Builds strength|Rejuvenating; promotes vitality and immunity|Builds strength and stamina,,low,internal,Leafless East Indian Vine
Sthuneyaka,Taxus baccata,Taxaceae,,Eases cough|Eases breathing and respiratory discomfort|Relieves hiccups|Soothes vata-related disorders|Supports intestinal parasite management|Relieves cough|Eases breathing,,low,internal,Common Yew
Surana,Amorphophallus paeoniifolius,Araceae,,Helps manage hemorrhoids|Supports spleen health|Supports abdominal health|Eases breathing and respiratory discomfort|Eases cough|Relieves hemorrhoids|Stimulates digestion and appetite,,low,internal,Elephant Foot Yam
Suranjana,Colchicum luteum,Colchicaceae,,Supports joints in gout-like conditions|Supports joints in inflammatory conditions|Eases joint pain|Supports liver and spleen health|Reduces swelling|Soothes excess vata|Relieves pain,,low,internal,Golden Colchicum
Suryavarta,Cleome gynandra,Cleomaceae,,Eases earache|Relieves headache|Supports abdominal health|Supports intestinal parasite management|Promotes wound healing|Relieves pain|Stimulates digestion and appetite,,low,internal,Spiderwisp
Swarnapatri,Cassia angustifolia,Fabaceae,,Relieves constipation|Supports abdominal health|Supports intestinal parasite management|Purgative (professional use only),,low,internal,Senna
Tagar,Valeriana wallichii,Caprifoliaceae,,Supports mental calm|Supports nervous system health|Promotes sleep|Supports memory and intellect|Rejuvenating; promotes vitality and immunity,,low,internal,Indian Valerian
Tagetes,Tagetes erecta,Asteraceae,,Cools and soothes heat-related bleeding|Promotes wound healing|Relieves itching|Supports intestinal parasite management|Eases earache|Purifies the blood|Supports skin health in chronic conditions,,low,internal,Marigold
Tala,Borassus flabellifer,Arecaceae,,Supports recovery in debility|Cools and soothes heat-related bleeding|Quenches excessive thirst|Relieves burning sensation|Builds strength|Builds strength and stamina|Nourishing and weight-building,,low,internal,Palmyra Palm
Talamuli,Curculigo orchioides,Hypoxidaceae,,Supports male reproductive health|Supports urinary health (including diabetes care)|Builds strength|Supports recovery in debility|Supports vaginal health|Supports reproductive vitality|Builds strength and stamina|Rejuvenating; promotes vitality and immunity,,low,internal,Golden Eye Grass
Talisapatra,Abies webbiana,Pinaceae,,Eases cough|Eases breathing and respiratory discomfort|Improves taste and appetite|Supports abdominal health|Helps manage vomiting|Relieves cough|Eases breathing,,low,internal,Himalayan Silver Fir
Tamalaki,Phyllanthus niruri,Euphorbiaceae,,Supports liver health|Supports healthy blood levels|Supports liver and spleen health|Supports urinary health (including diabetes care)|Cools and soothes heat-related bleeding|Stimulates liver function|Aids digestion of food and toxins,,low,internal,Stonebreaker
Tamalpatra,Cinnamomum tamala,Lauraceae,,Improves taste and appetite|Relieves nausea|Relieves nasal congestion and cold|Helps manage hemorrhoids|Stimulates digestion and appetite|Antimicrobial and antiparasitic action,,low,internal,Indian Bay Leaf
Tanduliyaka,Amaranthus spinosus,Amaranthaceae,,Cools and soothes heat-related bleeding|Traditionally used in Ayurvedic management of toxins|Supports menstrual health (heavy bleeding)|Relieves burning sensation|Quenches excessive thirst|Supports detoxification from poisons|Cools the blood,,low,internal,Spiny Amaranth
Taruni,Rosa centifolia,Rosaceae,,Relieves burning sensation|Supports heart health|Quenches excessive thirst|Supports oral and throat health|Supports skin health in chronic conditions|Promotes healthy skin complexion|Supports eye health,,low,internal,Cabbage Rose
Tila,Sesamum indicum,Pedaliaceae,,Soothes vata-related disorders|Supports recovery in debility|Builds strength|Supports hair growth|Promotes wound healing|Builds strength and stamina|Promotes hair health|Supports reproductive vitality,,low,internal,Sesame
Tinduka,Diospyros peregrina,Ebenaceae,,Helps manage diarrhea|Helps manage dysentery|Supports urinary health (including diabetes care)|Promotes wound healing|Cools and soothes heat-related bleeding|Improves nutrient absorption and helps manage diarrhea|Helps control bleeding,,low,internal,Indian Persimmon
Tintidika,Tamarindus indica,Fabaceae,,Stimulates weak digestion|Improves taste and appetite|Quenches excessive thirst|Relieves fatigue|Stimulates digestion and appetite|Aids digestion of food and toxins,,low,internal,Tamarind
Trapusha,Cucumis sativus,Cucurbitaceae,,Relieves burning sensation|Quenches excessive thirst|Cools and soothes heat-related bleeding|Promotes healthy urine flow,,low,internal,Cucumber
Trivrit,Operculina turpethum,Convolvulaceae,,Relieves constipation|Helps reduce fever|Reduces swelling|Supports healthy blood levels|Supports abdominal health|Purgative (professional use only),,low,internal,Indian Jalap
Tumburu,Zanthoxylum armatum,Rutaceae,,Supports dental health and eases toothache|Supports oral and throat health|Stimulates weak digestion|Supports intestinal parasite management|Eases abdominal pain|Stimulates digestion and appetite|Antimicrobial and antiparasitic action|Relieves pain,,low,internal,Winged Prickly Ash
Udumbara,Ficus racemosa,Moraceae,,Cools and soothes heat-related bleeding|Supports urinary health (including diabetes care)|Promotes wound healing|Helps manage diarrhea|Relieves burning sensation|Helps control bleeding|Supports healthy blood sugar,,low,internal,Cluster Fig
Upodika,Basella alba,Basellaceae,,Relieves constipation|Helps manage hemorrhoids|Cools and soothes heat-related bleeding|Supports labor|Builds strength|Builds strength and stamina|Nourishing and weight-building,,low,internal,Malabar Spinach
Ushira,Chrysopogon zizanioides,Poaceae,,Relieves burning sensation|Quenches excessive thirst|Helps reduce fever|Traditionally used in Ayurvedic management of toxins,,low,internal,Vetiver
Utingana,Blepharis edulis,Acanthaceae,,Supports male reproductive health|Supports reproductive vitality|Builds strength|Builds strength and stamina,,low,internal,Utangan Seeds
Utpala,Nymphaea nouchali,Nymphaeaceae,,Cools and soothes heat-related bleeding|Relieves burning sensation|Quenches excessive thirst|Supports heart health|Relieves dizziness|Rejuvenating; promotes vitality and immunity,,low,internal,Blue Water Lily
Vacha,Acorus calamus,Acoraceae,,Supports mental calm|Supports nervous system health|Supports memory|Eases cough|Soothes vata-related disorders|Supports memory and intellect|Restores alertness and focus|Antimicrobial and antiparasitic action,Contains beta-asarone; large doses not advised,medium,internal,Sweet Flag
Vamsha,Bambusa bambos,Poaceae,,Eases cough|Eases breathing and respiratory discomfort|Cools and soothes heat-related bleeding|Quenches excessive thirst|Supports recovery in debility|Builds strength and stamina|Supports reproductive vitality|Relieves cough,,low,internal,Thorny Bamboo
Vanapsa,Viola odorata,Violaceae,,Eases cough|Eases breathing and respiratory discomfort|Relieves nasal congestion and cold|Helps reduce fever|Relieves headache|Relieves cough,,low,internal,Sweet Violet
Varahikanda,Dioscorea bulbifera,Dioscoreaceae,,Builds strength|Supports male reproductive health|Supports skin health in chronic conditions|Supports urinary health (including diabetes care)|Promotes wound healing|Rejuvenating; promotes vitality and immunity|Supports reproductive vitality|Builds strength and stamina,,low,internal,Air Potato
Varshabhu,Trianthema portulacastrum,Aizoaceae,,Reduces swelling|Supports abdominal health|Supports liver health|Supports spleen health|Promotes healthy urine flow,,low,internal,Desert Horse Purslane
Vartaku,Solanum melongena,Solanaceae,,Stimulates weak digestion|Improves taste and appetite|Supports heart health|Soothes vata-related disorders|Stimulates digestion and appetite,,low,internal,Brinjal
Varuna,Crateva nurvala,Capparaceae,,Supports resolution of abscesses|Soothes vata-related disorders|Supports abdominal health|Promotes healthy urine flow|Helps dissolve urinary stones|Stimulates digestion and appetite,,low,internal,Three-leaved Caper
Vasaka,Adhatoda vasica,Acanthaceae,,Eases cough|Eases breathing and respiratory discomfort|Cools and soothes heat-related bleeding|Supports recovery in debility|Helps reduce fever|Eases breathing|Relieves cough,,low,internal,Malabar Nut
Vathada,Prunus dulcis,Rosaceae,,Builds strength|Soothes vata-related disorders|Restores vitality and immunity|Supports recovery in debility|Builds strength and stamina|Supports memory and intellect|Supports reproductive vitality,,low,internal,Almond
Vatsanabha,Aconitum ferox,Ranunculaceae,,Helps reduce fever|Supports joints in inflammatory conditions|Supports healthy digestion and nutrient absorption|Eases breathing and respiratory discomfort|Soothes vata-related disorders|Relieves pain,Extremely toxic; only used in processed form under strict professional supervision,high,external,Indian Aconite
Vetasa,Salix caprea,Salicaceae,,Reduces swelling|Relieves burning sensation|Cools and soothes heat-related bleeding|Promotes wound healing,,low,internal,Goat Willow
Vidanga,Embelia ribes,Primulaceae,,Supports intestinal parasite management|Supports abdominal health|Stimulates weak digestion|Supports skin health in chronic conditions|Supports urinary health (including diabetes care)|Antimicrobial and antiparasitic action|Helps reduce excess fat|Stimulates digestion and appetite,,low,internal,False Black Pepper
Vidarikand,Pueraria tuberosa,Fabaceae,,Supports recovery in debility|Cools and soothes heat-related bleeding|Builds strength|Supports male reproductive health|Builds strength and stamina|Rejuvenating; promotes vitality and immunity|Supports reproductive vitality,,low,internal,Indian Kudzu
Visha Tinduka,Strychnos nux-vomica,Loganiaceae,,Soothes vata-related disorders|Eases sciatic pain|Supports joints in inflammatory conditions|Stimulates weak digestion|Supports male reproductive health|Soothes excess vata|Stimulates digestion and appetite,,low,internal,Nux Vomica
Vriddhadaru,Argyreia nervosa,Convolvulaceae,,Soothes vata-related disorders|Reduces swelling|Supports urinary health (including diabetes care)|Rejuvenating; promotes vitality and immunity|Supports reproductive vitality|Supports memory and intellect,,low,internal,Elephant Creeper
Vriddhi,Habenaria edgeworthii,Orchidaceae,,Supports recovery in debility|Cools and soothes heat-related bleeding|Quenches excessive thirst|Builds strength|Eases breathing and respiratory discomfort|Rejuvenating; promotes vitality and immunity|Nourishing and weight-building,,low,internal,Vriddhi Orchid
Vrihi,Oryza sativa,Poaceae,,Builds strength|Quenches excessive thirst|Cools and soothes heat-related bleeding|Nourishing and weight-building|Builds strength and stamina|Promotes healthy urine flow,,low,internal,Rice
Vrikshamla,Garcinia indica,Clusiaceae,,Aids digestion|Helps manage diarrhea|Supports healthy digestion and nutrient absorption|Quenches excessive thirst|Helps manage hemorrhoids|Helps reduce excess fat|Stimulates digestion and appetite|Reduces excess fat,,low,internal,Kokum
Vyaghranakhi,Capparis zeylanica,Capparaceae,,Reduces swelling|Supports thyroid health (traditional goiter care)|Helps manage hemorrhoids|Promotes wound healing|Stimulates weak digestion|Soothes excess vata,,low,internal,Ceylon Caper
Yastimadhu,Glycyrrhiza glabra,Fabaceae,,Eases cough|Supports recovery in debility|Supports voice and vocal clarity|Promotes wound healing|Cools and soothes heat-related bleeding|Supports throat and voice|Supports detoxification from poisons,,low,internal,Licorice
Yava,Hordeum vulgare,Poaceae,,Supports urinary health (including diabetes care)|Supports healthy weight management|Soothes the throat|Eases breathing and respiratory discomfort|Relieves nasal congestion and cold|Helps reduce excess fat|Promotes healthy urine flow,,low,internal,Barley
Yavani,Trachyspermum ammi,Apiaceae,,Aids digestion|Relieves flatulence and bloating|Relieves pain|Supports abdominal health|Supports intestinal parasite management|Stimulates digestion and appetite|Aids digestion of food and toxins|Supports healthy elimination of gas,,low,internal,Carom Seeds
Yavasa,Alhagi maurorum,Fabaceae,,Cools and soothes heat-related bleeding|Quenches excessive thirst|Relieves burning sensation|Eases cough|Eases breathing and respiratory discomfort|Helps control bleeding,,low,internal,Camel Thorn
Yuthika,Jasminum auriculatum,Oleaceae,,Supports oral health (mouth ulcers)|Supports skin health in chronic conditions|Supports eye health|Promotes wound healing|Relieves burning sensation|Supports heart health,,low,internal,Needle-flower Jasmine
