name,scientific_name,family,region,benefits,side_effects,toxicity
Tulsi,Ocimum tenuiflorum,Lamiaceae,South Asia,Improves immunity|Reduces stress|Eases cold and cough,May lower blood sugar|Avoid large doses in pregnancy,low
Neem,Azadirachta indica,Meliaceae,Indian subcontinent,Improves skin health|Fights acne|Supports oral hygiene,Strong doses may cause nausea|Not for internal use in pregnancy,low
Turmeric,Curcuma longa,Zingiberaceae,South Asia,Reduces inflammation|Supports joints|Aids digestion,May interact with blood thinners|High doses upset stomach,low
Ginger,Zingiber officinale,Zingiberaceae,South Asia,Relieves nausea|Improves digestion|Soothes throat,Caution with anticoagulants|Heartburn at high doses,low
Aloe Vera,Aloe barbadensis,Asphodelaceae,North Africa,Hydrates skin|Soothes burns|Improves hair condition,Internal latex may cause cramps|Avoid in pregnancy,low
Ashwagandha,Withania somnifera,Solanaceae,India,Reduces stress|Improves sleep|Supports energy,Caution with thyroid medication|May cause drowsiness,low
Brahmi,Bacopa monnieri,Plantaginaceae,Wetlands of India,Improves memory|Supports focus|Calms the mind,May cause mild digestive upset,low
Hibiscus,Hibiscus sabdariffa,Malvaceae,West Africa; Asia,Promotes hair growth|Supports heart health|Rich in antioxidants,May lower blood pressure|Caution in pregnancy,low
Honey,Apis mellifera product,None,Global,Soothes sore throat|Natural sweetener|Antimicrobial,Avoid if diabetic|Not for infants under 1 year,low
Moringa,Moringa oleifera,Moringaceae,South Asia,Boosts nutrition|Supports energy|Antioxidant rich,May interact with thyroid medication|High doses laxative,low
Rose,Rosa damascena,Rosaceae,Middle East,Calms skin|Aromatic|Mild astringent,Rare contact dermatitis,low
Mint,Mentha piperita,Lamiaceae,Europe; Asia,Aids digestion|Cools the body|Freshens breath,Heartburn in sensitive people|Avoid with GERD,low
Amla,Phyllanthus emblica,Phyllanthaceae,India,Rich in vitamin C|Improves hair|Supports immunity,May irritate empty stomach,low
Fenugreek,Trigonella foenum-graecum,Fabaceae,Mediterranean,Lowers blood sugar|Promotes hair growth|Supports lactation,May lower blood sugar too much|Maple-scented body odour,low
Green Tea,Camellia sinensis,Theaceae,East Asia,Antioxidant rich|Boosts metabolism|Supports focus,Caffeine sensitivity|Iron absorption reduced,low
Lemon,Citrus limon,Rutaceae,Asia,Vitamin C boost|Aids digestion|Brightens skin,Tooth enamel erosion|Photosensitivity on skin,low
Black Pepper,Piper nigrum,Piperaceae,South India,Boosts nutrient absorption|Supports digestion|Anti-inflammatory,May irritate stomach in excess|Caution with acid reflux,low
Coconut Oil,Cocos nucifera,Arecaceae,Tropical,Moisturizes skin|Conditions scalp|Antimicrobial,Can clog pores on acne-prone skin,low
Tea Tree,Melaleuca alternifolia,Myrtaceae,Australia,Antibacterial for skin|Treats acne|Soothes irritation,Must be diluted|Skin irritation if undiluted,medium
Cinnamon,Cinnamomum verum,Lauraceae,Sri Lanka,Lowers blood sugar|Warming|Antimicrobial,High doses may affect liver|Caution with anticoagulants,medium
Garlic,Allium sativum,Amaryllidaceae,Central Asia,Supports heart health|Lowers blood pressure|Antimicrobial,Bad breath|May thin blood|Heartburn at high doses,low
Calendula,Calendula officinalis,Asteraceae,Mediterranean,Soothes skin|Wound healing|Anti-inflammatory,Rare contact allergy,low
Chamomile,Matricaria chamomilla,Asteraceae,Europe,Calms the mind|Aids sleep|Soothes skin,May cause drowsiness|Pollen cross-allergy,low
Valerian,Valeriana officinalis,Caprifoliaceae,Europe,Promotes sleep|Relieves anxiety|Eases muscle tension,Drowsiness|Avoid with sedatives,low
Cumin,Cuminum cyminum,Apiaceae,Mediterranean/India,Aids digestion|Relieves bloating|Supports iron absorption,May lower blood sugar|Heartburn in excess,low
Coriander,Coriandrum sativum,Apiaceae,Mediterranean/India,Supports digestion|Lowers cholesterol|Cooling effect,Rare skin sensitivity,low
Clove,Syzygium aromaticum,Myrtaceae,Indonesia/India,Relieves toothache|Antimicrobial|Supports digestion,May thin blood at high doses|Skin irritation if undiluted,low
Cardamom,Elettaria cardamomum,Zingiberaceae,India,Freshens breath|Aids digestion|Supports respiratory health,May trigger gallbladder pain in sensitive people,low
Fennel,Foeniculum vulgare,Apiaceae,Mediterranean/India,Relieves gas and bloating|Aids digestion|Supports lactation,May affect estrogen-sensitive conditions in excess,low
Carom,Trachyspermum ammi,Apiaceae,India,Relieves indigestion|Eases cough|Antimicrobial,Heartburn in excess|Large doses not advised in pregnancy,low
Nigella Seed,Nigella sativa,Ranunculaceae,West Asia/India,Boosts immunity|Supports respiratory health|Antioxidant rich,May lower blood pressure|Rare contact allergy,low
Curry Leaves,Murraya koenigii,Rutaceae,India,Supports hair health|Aids digestion|Rich in antioxidants,Generally safe; large amounts may upset stomach,low
Flaxseed,Linum usitatissimum,Linaceae,Global,Rich in omega-3|Supports digestion|Hormonal balance,May interact with blood thinners|Drink plenty of water,low
Giloy,Tinospora cordifolia,Menispermaceae,India,Boosts immunity|Reduces fever|Supports liver health,Caution in autoimmune conditions|May lower blood sugar,low
Bhringraj,Eclipta prostrata,Asteraceae,India,Promotes hair growth|Supports liver health|Anti-inflammatory,May lower blood sugar|Not for internal use in pregnancy,low
Shatavari,Asparagus racemosus,Asparagaceae,India,Supports female hormonal health|Supports lactation|Aids digestion,Caution with estrogen-sensitive conditions,low
Adhaki,Cajanus cajan,Fabaceae,,Supports healthy weight management|Promotes wound healing|Cools and soothes heat-related bleeding|Improves nutrient absorption and helps manage diarrhea|Helps reduce excess fat,,low
Agastya,Sesbania grandiflora,Fabaceae,,Supports night vision|Relieves nasal congestion and cold|Helps reduce fever|Helps manage vomiting|Eases cough|Supports eye health,,low
Agnimantha,Premna integrifolia,Verbenaceae,,Reduces swelling|Supports healthy blood levels|Helps manage hemorrhoids|Soothes vata-related disorders|Relieves pain|Purgative (professional use only),,low
Ahiphena,Papaver somniferum,Papaveraceae,,Helps manage diarrhea|Helps manage dysentery|Relieves pain|Promotes sleep|Improves nutrient absorption and helps manage diarrhea,Narcotic; controlled substance; never self-use,high
Aivana,Hyoscyamus niger,Solanaceae,,Eases abdominal pain|Promotes sleep|Eases tremors|Supports mental calm|Supports intestinal parasite management|Relieves pain|Note: has intoxicating properties - use with care,,low
Ajmoda,Apium graveolens,Apiaceae,,Aids digestion|Relieves flatulence and bloating|Supports abdominal health|Relieves pain|Soothes vata-related disorders|Stimulates digestion and appetite|Aids digestion of food and toxins|Supports healthy elimination of gas,,low
Akarakarabha,Anacyclus pyrethrum,Asteraceae,,Supports male reproductive health|Supports oral and throat health|Eases sciatic pain|Supports recovery in paralysis (adjunct care)|Stimulates weak digestion|Supports reproductive vitality|Soothes excess vata,,low
Akhuparni,Ipomoea reniformis,Convolvulaceae,,Reduces swelling|Supports intestinal parasite management|Supports skin health in chronic conditions|Helps reduce fever|Promotes healthy urine flow,,low
Akshotaka,Juglans regia,Juglandaceae,,Soothes vata-related disorders|Builds strength|Supports chest and lung recovery|Supports recovery in debility|Relieves constipation|Supports memory and intellect|Builds strength and stamina|Nourishing and weight-building,,low
Alabu,Lagenaria siceraria,Cucurbitaceae,,Supports heart health|Eases cough|Eases breathing and respiratory discomfort|Builds strength and stamina,,low
Alarka,Calotropis procera,Apocynaceae,,Supports skin health in chronic conditions|Relieves itching|Reduces swelling|Supports intestinal parasite management|Helps manage hemorrhoids|Supports abdominal health|Purgative (professional use only),,low
Ambasthaki,Hibiscus sabdariffa,Malvaceae,,Supports heart health|Improves taste and appetite|Stimulates weak digestion|Quenches excessive thirst|Promotes healthy urine flow,,low
Amlaparni,Rheum emodi,Polygonaceae,,Relieves constipation|Supports liver health|Relieves bloating|Soothes vata-related disorders|Purgative (professional use only)|Stimulates liver function,,low
Amlavetasa,Garcinia pedunculata,Clusiaceae,,Improves taste and appetite|Aids digestion|Eases breathing and respiratory discomfort|Eases cough|Supports heart health|Stimulates digestion and appetite|Helps reduce excess fat,,low
Amra,Mangifera indica,Anacardiaceae,,Helps manage diarrhea|Helps manage dysentery|Cools and soothes heat-related bleeding|Supports urinary health (including diabetes care)|Improves taste and appetite|Builds strength and stamina|Supports reproductive vitality|Improves nutrient absorption and helps manage diarrhea,,low
Amra Haridra,Curcuma amada,Zingiberaceae,,Stimulates weak digestion|Improves taste and appetite|Relieves itching|Reduces swelling|Eases cough|Stimulates digestion and appetite|Aids digestion of food and toxins,,low
Amrita,Tinospora cordifolia,Menispermaceae,,Helps reduce fever|Supports liver health|Supports skin health in chronic conditions|Supports joints in gout-like conditions|Supports urinary health (including diabetes care),,low
Ankola,Alangium salviifolium,Alangiaceae,,Traditionally used in Ayurvedic management of toxins|Traditionally used in Ayurvedic management of venom exposure|Supports skin health in chronic conditions|Supports intestinal parasite management|Supports joints in inflammatory conditions|Supports detoxification from poisons|Antimicrobial and antiparasitic action,,low
Apamarga,Achyranthes aspera,Amaranthaceae,,Supports intestinal parasite management|Supports lymphatic health|Supports healthy weight management|Eases cough|Helps reduce excess fat|Antimicrobial and antiparasitic action|Stimulates digestion and appetite,,low
Aparajita,Clitoria ternatea,Fabaceae,,Supports mental calm|Supports skin health in chronic conditions|Traditionally used in Ayurvedic management of toxins|Reduces swelling|Supports memory and intellect,,low
Aragwadha,Cassia fistula,Fabaceae,,Supports skin health in chronic conditions|Supports healthy elimination|Helps reduce fever|Supports liver health|Supports heart health|Purgative (professional use only),,low
Aranya Jeeraka,Centratherum anthelminticum,Asteraceae,,Supports intestinal parasite management|Supports skin health in chronic conditions|Relieves itching|Supports urinary health (including diabetes care)|Reduces swelling|Antimicrobial and antiparasitic action,,low
Ardraka,Zingiber officinale,Zingiberaceae,,Stimulates weak digestion|Aids digestion|Eases cough|Eases breathing and respiratory discomfort|Relieves nasal congestion and cold|Aids digestion of food and toxins|Stimulates digestion and appetite,,low
Arishtaka,Sapindus mukorossi,Sapindaceae,,Supports skin health in chronic conditions|Relieves itching|Traditionally used in Ayurvedic management of toxins|Supports healthy digestion and nutrient absorption|Supports intestinal parasite management|Emetic (professional use only)|Helps reduce excess fat,,low
Arjuna,Terminalia arjuna,Combretaceae,,Supports heart health|Cools and soothes heat-related bleeding|Promotes wound healing|Supports bone fracture healing|Supports healthy weight management|Purifies the blood|Supports tissue repair and healing,,low
Arka,Calotropis gigantea,Apocynaceae,,Supports skin health in chronic conditions|Supports abdominal health|Helps manage hemorrhoids|Supports intestinal parasite management|Purgative (professional use only),,low
Asana,Pterocarpus marsupium,Fabaceae,,Supports urinary health (including diabetes care)|Supports healthy weight management|Supports skin health in chronic conditions|Supports skin health in pigmentary conditions|Supports intestinal parasite management|Supports healthy blood sugar|Purifies the blood,,low
Ashoka,Saraca asoca,Fabaceae,,Supports menstrual health (heavy bleeding)|Cools and soothes heat-related bleeding|Relieves burning sensation|Supports uterine hygiene|Helps control excess discharge or bleeding,,low
Ashwattha,Ficus religiosa,Moraceae,,Cools and soothes heat-related bleeding|Promotes wound healing|Supports joints in gout-like conditions|Supports vaginal health|Supports skin health in spreading rashes|Promotes healthy skin complexion,,low
Asthishrinkhala,Cissus quadrangularis,Vitaceae,,Supports bone fracture healing|Supports bone strength|Eases joint pain|Helps manage hemorrhoids|Supports tissue repair and healing|Builds strength and stamina,,low
Atibala,Abutilon indicum,Malvaceae,,Soothes vata-related disorders|Supports recovery in debility|Supports urinary health (including diabetes care)|Cools and soothes heat-related bleeding|Builds strength and stamina|Soothes excess vata,,low
Ativisha,Aconitum heterophyllum,Ranunculaceae,,Helps reduce fever|Helps manage diarrhea|Eases cough|Helps manage vomiting|Aids digestion of toxins|Stimulates digestion and appetite|Aids digestion of food and toxins,,low
Babbula,Acacia nilotica,Fabaceae,,Supports gum health|Eases cough|Helps manage diarrhea|Helps manage dysentery|Cools and soothes heat-related bleeding|Supports teeth and gum health|Cleanses wounds,,low
Badara,Ziziphus mauritiana,Rhamnaceae,,Cools and soothes heat-related bleeding|Quenches excessive thirst|Relieves burning sensation|Relieves fatigue|Improves taste and appetite|Builds strength and stamina|Improves nutrient absorption and helps manage diarrhea,,low
Bakuchi,Psoralea corylifolia,Fabaceae,,Supports skin health in pigmentary conditions|Supports skin health in chronic conditions|Supports intestinal parasite management|Supports hair growth|Supports healthy blood levels|Promotes healthy skin complexion|Rejuvenating; promotes vitality and immunity,,low
Bakula,Mimusops elengi,Sapotaceae,,Supports gum health|Supports oral health (mouth ulcers)|Cools and soothes heat-related bleeding|Supports intestinal parasite management|Helps manage diarrhea|Improves nutrient absorption and helps manage diarrhea|Helps control bleeding,,low
Bala,Sida cordifolia,Malvaceae,,Soothes vata-related disorders|Supports recovery in debility|Builds strength|Cools and soothes heat-related bleeding|Supports urinary health (including diabetes care)|Builds strength and stamina|Rejuvenating; promotes vitality and immunity|Nourishing and weight-building,,low
Bandhuka,Pentapetes phoenicea,Malvaceae,,Relieves burning sensation|Cools and soothes heat-related bleeding|Supports menstrual health (heavy bleeding)|Helps manage diarrhea|Supports heart health,,low
Bhadra,Aerva lanata,Amaranthaceae,,Reduces swelling|Promotes healthy urine flow|Helps dissolve urinary stones,,low
Bhallataka,Semecarpus anacardium,Anacardiaceae,,Helps manage hemorrhoids|Supports skin health in chronic conditions|Supports intestinal parasite management|Supports healthy digestion and nutrient absorption|Supports abdominal health|Reduces swelling|Aids digestion of food and toxins,Caustic; requires careful processing before use,high
Bhanga,Cannabis sativa,Cannabaceae,,Helps manage diarrhea|Supports healthy digestion and nutrient absorption|Relieves pain|Promotes sleep|Eases muscular spasms and rigidity|Note: has intoxicating properties - use with care,Psychoactive; not for self-medication,high
Bharangi,Rotheca serrata,Lamiaceae,,Eases breathing and respiratory discomfort|Eases cough|Relieves hiccups|Helps reduce fever|Relieves nasal congestion and cold|Eases breathing|Relieves cough,,low
Bhumi Jambuka,Premna herbacea,Lamiaceae,,Supports joints in inflammatory conditions|Eases cough|Eases breathing and respiratory discomfort|Reduces swelling|Soothes vata-related disorders|Soothes excess vata,,low
Bhumyamalaki,Phyllanthus niruri,Phyllanthaceae,,Supports liver health|Supports liver and spleen health|Supports urinary health (including diabetes care)|Quenches excessive thirst|Stimulates liver function|Relieves cough|Promotes healthy urine flow,,low
Bhunimba,Andrographis paniculata,Acanthaceae,,Helps reduce fever|Supports liver health|Supports liver and spleen health|Supports intestinal parasite management|Supports skin health in chronic conditions|Soothes excess pitta|Purifies and tones the blood,,low
Bhurja,Betula utilis,Betulaceae,,Traditionally used in Ayurvedic management of toxins|Supports skin health in chronic conditions|Supports ear health|Cools and soothes heat-related bleeding|Supports uterine health|Supports detoxification from poisons,,low
Bhutakeshi,Selinum wallichianum,Apiaceae,,Supports nervous system health|Supports mental calm|Supports mental calm and wellbeing|Soothes vata-related disorders|Supports memory and intellect|Soothes excess vata,,low
Bhutika,Cymbopogon citratus,Poaceae,,Stimulates weak digestion|Eases abdominal pain|Helps reduce fever|Relieves nasal congestion and cold|Relieves flatulence and bloating|Stimulates digestion and appetite,,low
Bibhitaki,Terminalia bellirica,Combretaceae,,Eases cough|Eases breathing and respiratory discomfort|Supports voice and vocal clarity|Supports eye health|Supports intestinal parasite management|Relieves cough|Antimicrobial and antiparasitic action,,low
Bilva,Aegle marmelos,Rutaceae,,Supports healthy digestion and nutrient absorption|Helps manage diarrhea|Helps manage dysentery|Stimulates weak digestion|Relieves pain|Improves nutrient absorption and helps manage diarrhea|Stimulates digestion and appetite,,low
Bimbi,Coccinia grandis,Cucurbitaceae,,Supports urinary health (including diabetes care)|Supports liver health|Relieves itching|Reduces swelling|Promotes wound healing|Supports healthy blood sugar|Reduces excess fat,,low
Brihati,Solanum indicum,Solanaceae,,Eases breathing and respiratory discomfort|Eases cough|Improves taste and appetite|Supports heart health|Helps reduce fever|Relieves cough|Reduces swelling|Stimulates digestion and appetite,,low
Chakragaja,Celosia argentea,Amaranthaceae,,Helps manage diarrhea|Cools and soothes heat-related bleeding|Supports eye health|Promotes healthy urine flow|Helps dissolve urinary stones,,low
Chakramarda,Cassia tora,Fabaceae,,Supports skin health in fungal conditions|Relieves itching|Supports skin health in itchy eruptions|Supports skin health in chronic conditions|Eases breathing and respiratory discomfort|Mild laxative,,low
Chakshushya,Cassia absus,Fabaceae,,Supports eye health|Supports eye comfort in inflammation|Helps manage diarrhea|Promotes wound healing|Cools and soothes heat-related bleeding|Improves nutrient absorption and helps manage diarrhea,,low
Chana,Cicer arietinum,Fabaceae,,Soothes vata-related disorders|Supports recovery in debility|Helps reduce fever|Cools and soothes heat-related bleeding|Supports urinary health (including diabetes care)|Nourishing and weight-building|Supports reproductive vitality,,low
Chandana,Santalum album,Santalaceae,,Relieves burning sensation|Cools and soothes heat-related bleeding|Quenches excessive thirst|Supports skin health in chronic conditions|Promotes healthy urine flow|Supports eye health|Promotes healthy skin complexion,,low
Chandrashura,Lepidium sativum,Brassicaceae,,Soothes vata-related disorders|Supports recovery in debility|Supports breast milk production|Builds strength|Builds strength and stamina,,low
Changeri,Oxalis corniculata,Oxalidaceae,,Supports healthy digestion and nutrient absorption|Helps manage hemorrhoids|Helps manage diarrhea|Stimulates weak digestion|Improves nutrient absorption and helps manage diarrhea|Stimulates digestion and appetite,,low
Chavika,Piper chaba,Piperaceae,,Stimulates weak digestion|Relieves bloating|Relieves pain|Helps manage hemorrhoids|Supports abdominal health|Stimulates digestion and appetite|Aids digestion of food and toxins,,low
Chavya,Piper retrofractum,Piperaceae,,Helps manage hemorrhoids|Supports abdominal health|Relieves bloating|Relieves pain|Supports intestinal parasite management|Stimulates digestion and appetite|Aids digestion of food and toxins|Antimicrobial and antiparasitic action,,low
Chhatraka,Agaricus campestris,Agaricaceae,,Builds strength|Supports healthy weight gain|Cools and soothes heat-related bleeding|Supports breast milk production|Builds strength and stamina|Nourishing and weight-building,,low
Chirabilva,Holoptelea integrifolia,Ulmaceae,,Helps manage hemorrhoids|Reduces swelling|Supports healthy digestion and nutrient absorption|Supports skin health in chronic conditions|Supports urinary health (including diabetes care)|Helps reduce excess fat|Improves nutrient absorption and helps manage diarrhea,,low
Chirayata,Swertia chirayita,Gentianaceae,,Helps reduce fever|Helps manage recurring fever|Supports liver health|Supports skin health in chronic conditions|Supports intestinal parasite management|Stimulates liver function|Antimicrobial and antiparasitic action,,low
Chitrak,Plumbago zeylanica,Plumbaginaceae,,Supports healthy digestion and nutrient absorption|Helps manage hemorrhoids|Reduces swelling|Supports abdominal health|Supports skin health in chronic conditions|Stimulates digestion and appetite|Aids digestion of food and toxins|Helps reduce excess fat,,low
Chopchini,Smilax china,Smilacaceae,,Supports skin health in chronic conditions|Supports joints in gout-like conditions|Supports joint health|Reduces swelling|Relieves pain|Supports reproductive vitality,,low
Dadima,Punica granatum,Lythraceae,,Improves taste and appetite|Quenches excessive thirst|Relieves burning sensation|Helps manage diarrhea|Helps manage dysentery|Purifies and tones the blood|Stimulates digestion and appetite,,low
Dadrughna,Senna alata,Fabaceae,,Supports skin health in fungal conditions|Supports skin health in chronic conditions|Relieves itching|Relieves constipation,,low
Danti,Baliospermum montanum,Euphorbiaceae,,Supports abdominal health|Helps manage hemorrhoids|Reduces swelling|Supports intestinal parasite management|Mild laxative,Strong purgative; not for self-use,medium
Devadali,Luffa echinata,Cucurbitaceae,,Supports liver health|Supports spleen health|Reduces swelling|Supports intestinal parasite management|Emetic (professional use only)|Antimicrobial and antiparasitic action,,low
Devadaru,Cedrus deodara,Pinaceae,,Soothes vata-related disorders|Eases cough|Relieves nasal congestion and cold|Relieves itching|Reduces swelling|Relieves cough,,low
Dhamargava,Luffa cylindrica,Cucurbitaceae,,Supports liver health|Supports healthy blood levels|Supports skin health in chronic conditions|Supports abdominal health|Emetic (professional use only)|Stimulates liver function,,low
Dhamasa,Fagonia indica,Zygophyllaceae,,Cools and soothes heat-related bleeding|Helps reduce fever|Relieves burning sensation|Quenches excessive thirst|Supports skin health in chronic conditions|Purifies the blood,,low
Dhataki,Woodfordia fruticosa,Lythraceae,,Helps manage diarrhea|Helps manage dysentery|Supports menstrual health (heavy bleeding)|Quenches excessive thirst|Promotes wound healing|Supports uterine hygiene|Improves nutrient absorption and helps manage diarrhea,,low
Dhattura,Datura metel,Solanaceae,,Eases cough|Eases breathing and respiratory discomfort|Supports skin health in chronic conditions|Helps reduce fever|Promotes wound healing|Relieves cough|Eases breathing|Relieves pain,All parts highly toxic; not for self-use,high
Dhava,Anogeissus latifolia,Combretaceae,,Supports urinary health (including diabetes care)|Helps manage diarrhea|Supports skin health in chronic conditions|Supports healthy blood levels|Cools and soothes heat-related bleeding|Improves nutrient absorption and helps manage diarrhea|Helps control bleeding,,low
Draksha,Vitis vinifera,Vitaceae,,Quenches excessive thirst|Relieves burning sensation|Supports recovery in debility|Supports clarity of mind|Cools and soothes heat-related bleeding|Builds strength and stamina,,low
Dronapushpi,Leucas cephalotes,Lamiaceae,,Helps reduce fever|Supports liver health|Reduces swelling|Eases cough|Eases breathing and respiratory discomfort|Stimulates liver function,,low
Dugdhika,Euphorbia hirta,Euphorbiaceae,,Eases breathing and respiratory discomfort|Eases cough|Supports intestinal parasite management|Helps manage diarrhea|Supports male reproductive health|Eases breathing|Antimicrobial and antiparasitic action,,low
Durva,Cynodon dactylon,Poaceae,,Cools and soothes heat-related bleeding|Quenches excessive thirst|Relieves burning sensation|Supports skin health in spreading rashes|Promotes wound healing|Helps control bleeding|Promotes healthy skin complexion,,low
Eranda,Ricinus communis,Euphorbiaceae,,Soothes vata-related disorders|Supports joints in inflammatory conditions|Relieves pain|Supports abdominal health|Eases lower-back pain|Supports healthy elimination of gas,Seeds contain ricin (highly toxic); only processed oil should be used,high
Gajapippali,Scindapsus officinalis,Araceae,,Stimulates weak digestion|Helps manage diarrhea|Eases cough|Eases breathing and respiratory discomfort|Soothes the throat|Relieves cough|Stimulates digestion and appetite,,low
Gambhari,Gmelina arborea,Lamiaceae,,Relieves burning sensation|Quenches excessive thirst|Helps reduce fever|Cools and soothes heat-related bleeding|Relieves dizziness|Reduces swelling|Builds strength and stamina,,low
Gangeruki,Grewia tenax,Malvaceae,,Cools and soothes heat-related bleeding|Quenches excessive thirst|Relieves burning sensation|Supports chest and lung recovery|Builds strength|Builds strength and stamina,,low
Gavedhuka,Coix lacryma-jobi,Poaceae,,Supports healthy weight management|Reduces swelling|Helps reduce excess fat|Promotes healthy urine flow,,low
Godhuma,Triticum aestivum,Poaceae,,Builds strength|Soothes vata-related disorders|Supports chest and lung recovery|Supports bone fracture healing|Promotes wound healing|Builds strength and stamina|Nourishing and weight-building|Supports reproductive vitality,,low
Gojihva,Onosma bracteata,Boraginaceae,,Helps reduce fever|Cools and soothes heat-related bleeding|Eases cough|Eases breathing and respiratory discomfort|Promotes wound healing|Quenches excessive thirst|Purifies and tones the blood,,low
Gokshura,Tribulus terrestris,Zygophyllaceae,,Supports urinary health (including diabetes care)|Supports male reproductive health|Supports heart health|Promotes healthy urine flow|Supports reproductive vitality|Rejuvenating; promotes vitality and immunity|Reduces swelling,,low
Gorakhmundi,Sphaeranthus indicus,Asteraceae,,Supports lymphatic health|Supports intestinal parasite management|Supports skin health in chronic conditions|Promotes healthy urine flow|Purifies the blood|Stimulates digestion and appetite,,low
Granthiparni,Angelica glauca,Apiaceae,,Stimulates weak digestion|Eases breathing and respiratory discomfort|Eases cough|Relieves hiccups|Supports nervous system health|Stimulates digestion and appetite|Eases breathing,,low
Grinjana,Daucus carota,Apiaceae,,Supports vision|Helps manage hemorrhoids|Stimulates weak digestion|Purifies the blood|Supports healthy digestion and nutrient absorption|Supports eye health|Improves nutrient absorption and helps manage diarrhea,,low
Guggulu,Commiphora mukul,Burseraceae,,Supports healthy weight management|Supports joints in inflammatory conditions|Supports joints in gout-like conditions|Supports glandular health|Supports skin health in chronic conditions|Helps reduce excess fat|Reduces swelling|Cleanses wounds,,low
Gunja,Abrus precatorius,Fabaceae,,Supports hair growth|Supports hair regrowth|Supports skin health in chronic conditions|Soothes vata-related disorders|Relieves itching|Promotes hair health,,low
Hamsapadi,Adiantum lunulatum,Pteridaceae,,Promotes wound healing|Supports skin health in spreading rashes|Cools and soothes heat-related bleeding|Supports nervous system health|Traditionally used in Ayurvedic management of venom exposure|Purifies the blood|Supports memory and intellect,,low
Hapusa,Juniperus communis,Cupressaceae,,Supports joints in inflammatory conditions|Helps manage hemorrhoids|Supports abdominal health|Eases lower-back pain|Promotes healthy urine flow|Stimulates digestion and appetite,,low
Haritaki,Terminalia chebula,Combretaceae,,Helps manage hemorrhoids|Supports abdominal health|Supports urinary health (including diabetes care)|Supports skin health in chronic conditions|Stimulates weak digestion|Rejuvenating; promotes vitality and immunity|Purgative (professional use only)|Supports eye health|Stimulates digestion and appetite,,low
Hastikarna Palasha,Leea macrophylla,Vitaceae,,Supports lymphatic health|Reduces swelling|Supports intestinal parasite management|Helps manage hemorrhoids|Promotes wound healing|Antimicrobial and antiparasitic action,,low
Hijal,Barringtonia acutangula,Lecythidaceae,,Helps manage diarrhea|Cools and soothes heat-related bleeding|Supports urinary health (including diabetes care)|Supports skin health in chronic conditions|Helps manage vomiting|Improves nutrient absorption and helps manage diarrhea|Helps control bleeding,,low
Himsra,Capparis sepiaria,Capparaceae,,Supports liver and spleen health|Supports spleen health|Supports abdominal health|Helps manage hemorrhoids|Stimulates weak digestion|Stimulates liver function|Stimulates digestion and appetite,,low
Hingu,Ferula assa-foetida,Apiaceae,,Supports abdominal health|Relieves bloating|Relieves pain|Supports intestinal parasite management|Aids digestion|Stimulates digestion and appetite|Aids digestion of food and toxins|Supports healthy elimination of gas,,low
Hrivera,Coleus vettiveroides,Lamiaceae,,Helps reduce fever|Helps manage diarrhea|Relieves burning sensation|Quenches excessive thirst|Helps manage vomiting|Improves nutrient absorption and helps manage diarrhea|Stimulates digestion and appetite,,low
Ikshu,Saccharum officinarum,Poaceae,,Relieves burning sensation|Quenches excessive thirst|Cools and soothes heat-related bleeding|Supports recovery in debility|Promotes healthy urine flow,,low
Indravaruni,Citrullus colocynthis,Cucurbitaceae,,Supports liver health|Supports spleen health|Supports abdominal health|Supports intestinal parasite management|Relieves constipation|Purgative (professional use only)|Antimicrobial and antiparasitic action,,low
Indrayava,Holarrhena antidysenterica,Apocynaceae,,Helps manage diarrhea|Helps manage dysentery|Cools and soothes heat-related bleeding|Helps reduce fever|Supports intestinal parasite management|Improves nutrient absorption and helps manage diarrhea|Antimicrobial and antiparasitic action|Purifies the blood,,low
Ingudi,Balanites aegyptiaca,Balanitaceae,,Supports skin health in chronic conditions|Promotes wound healing|Supports intestinal parasite management|Relieves itching|Eases breathing and respiratory discomfort|Antimicrobial and antiparasitic action,,low
Ishabgula,Plantago ovata,Plantaginaceae,,Relieves constipation|Helps manage diarrhea|Helps manage dysentery|Supports stomach lining comfort|Purgative (professional use only)|Improves nutrient absorption and helps manage diarrhea,,low
Ishwari,Aristolochia indica,Aristolochiaceae,,Traditionally used in Ayurvedic management of toxins|Traditionally used in Ayurvedic management of venom exposure|Helps reduce fever|Supports intestinal parasite management|Promotes wound healing|Supports detoxification from poisons,,low
Jalapippali,Phyla nodiflora,Verbenaceae,,Helps manage bleeding hemorrhoids|Relieves dizziness|Relieves burning sensation|Helps reduce fever|Promotes healthy urine flow,,low
Jalavetasa,Salix tetrasperma,Salicaceae,,Reduces swelling|Relieves pain|Cools and soothes heat-related bleeding|Helps reduce fever|Helps manage hemorrhoids,,low
Jambu,Syzygium cumini,Myrtaceae,,Supports urinary health (including diabetes care)|Helps manage diarrhea|Cools and soothes heat-related bleeding|Helps manage dysentery|Helps manage vomiting|Improves nutrient absorption and helps manage diarrhea|Supports healthy blood sugar,,low
Jatamansi,Nardostachys jatamansi,Valerianaceae,,Supports mental calm|Supports nervous system health|Promotes sleep|Supports mental calm and wellbeing|Supports memory and intellect|Rejuvenating; promotes vitality and immunity|Relieves pain,,low
Jati,Jasminum grandiflorum,Oleaceae,,Supports oral and throat health|Supports dental health and eases toothache|Promotes wound healing|Supports skin health in chronic conditions|Supports intestinal parasite management|Relieves pain|Relieves cough,,low
Jatiphala,Myristica fragrans,Myristicaceae,,Helps manage diarrhea|Supports healthy digestion and nutrient absorption|Eases breathing and respiratory discomfort|Eases cough|Promotes sleep|Stimulates digestion and appetite|Improves nutrient absorption and helps manage diarrhea,,low
Jayapala,Croton tiglium,Euphorbiaceae,,Supports abdominal health|Helps reduce fever|Relieves constipation|Supports fluid balance (adjunct care)|Purgative (professional use only),,low
Jeeraka,Cuminum cyminum,Apiaceae,,Aids digestion|Helps manage diarrhea|Supports healthy digestion and nutrient absorption|Supports abdominal health|Supports intestinal parasite management|Stimulates digestion and appetite|Aids digestion of food and toxins|Improves nutrient absorption and helps manage diarrhea,,low
Jivaka,Malaxis acuminata,Orchidaceae,,Supports recovery in debility|Cools and soothes heat-related bleeding|Builds strength|Relieves fatigue|Rejuvenating; promotes vitality and immunity|Supports reproductive vitality|Rejuvenating and vitalizing,,low
Jivanti,Leptadenia reticulata,Apocynaceae,,Supports recovery in debility|Builds strength|Supports eye health|Cools and soothes heat-related bleeding|Soothes vata-related disorders|Supports breast milk production,,low
Jyotishmati,Celastrus paniculatus,Celastraceae,,Supports memory|Soothes vata-related disorders|Supports male reproductive health|Supports skin health in chronic conditions|Relieves itching|Supports memory and intellect|Purgative (professional use only)|Stimulates digestion and appetite,,low
Kachura,Curcuma zedoaria,Zingiberaceae,,Eases breathing and respiratory discomfort|Eases cough|Improves taste and appetite|Relieves hiccups|Promotes wound healing|Eases breathing|Soothes excess vata,,low
Kadali,Musa paradisiaca,Musaceae,,Cools and soothes heat-related bleeding|Supports urinary health (including diabetes care)|Quenches excessive thirst|Relieves burning sensation|Supports urinary health|Improves nutrient absorption and helps manage diarrhea|Builds strength and stamina,,low
Kadamba,Neolamarckia cadamba,Rubiaceae,,Helps reduce fever|Promotes wound healing|Relieves burning sensation|Cools and soothes heat-related bleeding,,low
Kadara,Senegalia suma,Fabaceae,,Supports skin health in chronic conditions|Relieves itching|Supports urinary health (including diabetes care)|Purifies the blood|Supports oral health (mouth ulcers),,low
Kakajangha,Peristrophe paniculata,Acanthaceae,,Helps reduce fever|Reduces swelling|Promotes wound healing|Cools and soothes heat-related bleeding|Supports intestinal parasite management,,low
Kakatikta,Luffa amara,Cucurbitaceae,,Supports liver health|Supports liver and spleen health|Supports abdominal health|Relieves constipation|Reduces swelling|Stimulates liver function|Purgative (professional use only),,low
Kakoli,Fritillaria roylei,Liliaceae,,Supports recovery in debility|Eases breathing and respiratory discomfort|Eases cough|Cools and soothes heat-related bleeding|Quenches excessive thirst|Rejuvenating; promotes vitality and immunity|Supports reproductive vitality|Rejuvenating and vitalizing,,low
Kalajaji,Nigella sativa,Ranunculaceae,,Supports postpartum recovery|Stimulates weak digestion|Supports abdominal health|Relieves bloating|Supports intestinal parasite management|Stimulates digestion and appetite|Cleanses the uterus,,low
Kalamba,Ipomoea aquatica,Convolvulaceae,,Supports breast milk production|Builds strength|Relieves constipation|Cools and soothes heat-related bleeding|Builds strength and stamina,,low
Kamala,Nelumbo nucifera,Nelumbonaceae,,Cools and soothes heat-related bleeding|Relieves burning sensation|Quenches excessive thirst|Supports skin health in spreading rashes|Supports heart health|Promotes healthy skin complexion|Improves nutrient absorption and helps manage diarrhea,,low
Kampillaka,Mallotus philippensis,Euphorbiaceae,,Supports intestinal parasite management|Supports skin health in chronic conditions|Promotes wound healing|Supports abdominal health|Antimicrobial and antiparasitic action,,low
Kanchanar,Bauhinia variegata,Fabaceae,,Supports lymphatic health|Supports glandular health|Supports management of growths (traditional use; not a substitute for medical care)|Helps reduce excess fat|Reduces swelling|Helps resolve glandular swellings,,low
Kankataka,Flacourtia indica,Salicaceae,,Stimulates weak digestion|Eases cough|Eases breathing and respiratory discomfort|Supports liver health|Stimulates digestion and appetite|Relieves cough,,low
Kankola,Piper cubeba,Piperaceae,,Supports oral and throat health|Improves taste and appetite|Supports heart health|Eases cough|Promotes healthy urine flow|Stimulates digestion and appetite,,low
Kankra,Bruguiera gymnorhiza,Rhizophoraceae,,Helps manage diarrhea|Promotes wound healing|Helps manage dysentery|Helps control excess discharge or bleeding,,low
Kantakari,Solanum surattense,Solanaceae,,Eases cough|Eases breathing and respiratory discomfort|Helps reduce fever|Relieves nasal congestion and cold|Eases flank pain|Eases breathing|Relieves cough,,low
Kapikachhu,Mucuna pruriens,Fabaceae,,Supports male reproductive health|Soothes vata-related disorders|Eases tremors|Builds strength|Supports recovery in debility|Supports reproductive vitality|Builds strength and stamina|Supports memory and intellect,,low
Kapittha,Limonia acidissima,Rutaceae,,Helps manage diarrhea|Supports healthy digestion and nutrient absorption|Relieves hiccups|Helps manage vomiting|Traditionally used in Ayurvedic management of toxins|Improves nutrient absorption and helps manage diarrhea|Stimulates digestion and appetite,,low
Karanja,Pongamia pinnata,Fabaceae,,Supports skin health in chronic conditions|Supports intestinal parasite management|Promotes wound healing|Helps manage hemorrhoids|Supports healthy elimination|Cleanses wounds|Antimicrobial and antiparasitic action,Seeds are toxic; external use preferred,medium
Karavira,Nerium oleander,Apocynaceae,,Supports skin health in chronic conditions|Promotes wound healing|Relieves itching|Supports intestinal parasite management|Supports urogenital health in chronic conditions|Cleanses wounds,,low
Karira,Capparis decidua,Capparaceae,,Supports joints in inflammatory conditions|Stimulates weak digestion|Helps manage hemorrhoids|Supports skin health in chronic conditions|Reduces swelling|Stimulates digestion and appetite|Soothes excess vata,,low
Karkatashringi,Pistacia integerrima,Anacardiaceae,,Eases cough|Eases breathing and respiratory discomfort|Relieves hiccups|Helps manage diarrhea|Helps reduce fever|Relieves cough|Eases breathing|Improves nutrient absorption and helps manage diarrhea,,low
Karmaranga,Averrhoa carambola,Oxalidaceae,,Improves taste and appetite|Stimulates weak digestion|Quenches excessive thirst|Relieves constipation|Stimulates digestion and appetite|Purgative (professional use only),,low
Karnikara,Pterospermum acerifolium,Malvaceae,,Promotes wound healing|Cools and soothes heat-related bleeding|Relieves headache|Supports skin health in chronic conditions|Reduces swelling,,low
Karpasa,Gossypium herbaceum,Malvaceae,,Supports breast milk production|Supports regular menstruation|Relieves dizziness|Builds strength|Builds strength and stamina,,low
Karpura,Cinnamomum camphora,Lauraceae,,Eases cough|Eases breathing and respiratory discomfort|Relieves itching|Quenches excessive thirst|Supports oral and throat health|Relieves cough|Eases breathing|Antimicrobial and antiparasitic action,,low
Karvellaka,Momordica charantia,Cucurbitaceae,,Supports urinary health (including diabetes care)|Supports skin health in chronic conditions|Supports intestinal parasite management|Supports liver health|Purifies the blood|Supports healthy blood sugar|Stimulates liver function,,low
Kasamarda,Senna occidentalis,Fabaceae,,Eases cough|Eases breathing and respiratory discomfort|Supports skin health in chronic conditions|Supports intestinal parasite management|Promotes wound healing|Relieves cough,,low
Kasani,Cichorium intybus,Asteraceae,,Supports liver and spleen health|Supports liver health|Supports spleen health|Stimulates liver function|Promotes healthy urine flow,,low
Kasheruka,Scirpus grossus,Cyperaceae,,Relieves burning sensation|Quenches excessive thirst|Cools and soothes heat-related bleeding|Builds strength|Supports reproductive vitality|Promotes healthy urine flow,,low
Kataka,Strychnos potatorum,Loganiaceae,,Supports eye health|Supports urinary health (including diabetes care)|Traditionally used in Ayurvedic management of toxins|Supports detoxification from poisons,,low
Katphala,Myrica esculenta,Myricaceae,,Eases cough|Eases breathing and respiratory discomfort|Helps reduce fever|Improves taste and appetite|Supports oral and throat health|Relieves cough,,low
Katuki,Picrorhiza kurroa,Plantaginaceae,,Supports liver health|Helps reduce fever|Supports liver and spleen health|Supports skin health in chronic conditions|Improves taste and appetite|Soothes excess pitta|Stimulates liver function,,low
Kembuka,Hellenia speciosa,Costaceae,,Eases cough|Eases breathing and respiratory discomfort|Supports skin health in chronic conditions|Supports intestinal parasite management|Supports urinary health (including diabetes care)|Relieves cough,,low
Ketaki,Pandanus odorifer,Pandanaceae,,Supports eye health|Supports skin health in chronic conditions|Supports memory and intellect,,low
Khadira,Acacia catechu,Fabaceae,,Supports skin health in chronic conditions|Supports intestinal parasite management|Supports urinary health (including diabetes care)|Cools and soothes heat-related bleeding|Purifies the blood|Improves nutrient absorption and helps manage diarrhea,,low
Kharbhuja,Cucumis melo,Cucurbitaceae,,Quenches excessive thirst|Relieves burning sensation|Relieves fatigue|Promotes healthy urine flow|Builds strength and stamina,,low
Kharjura,Phoenix dactylifera,Arecaceae,,Supports chest and lung recovery|Supports recovery in debility|Cools and soothes heat-related bleeding|Quenches excessive thirst|Supports clarity of mind|Builds strength and stamina|Supports reproductive vitality|Nourishing and weight-building,,low
Kiratatikta,Swertia chirata,Gentianaceae,,Helps reduce fever|Helps manage severe fever|Quenches excessive thirst|Supports intestinal parasite management|Cools and soothes heat-related bleeding|Stimulates digestion and appetite,,low
Kokilaksha,Asteracantha longifolia,Acanthaceae,,Supports joints in gout-like conditions|Supports male reproductive health|Supports reproductive vitality|Builds strength and stamina|Promotes healthy urine flow,,low
Koshamra,Schleichera oleosa,Sapindaceae,,Supports skin health in chronic conditions|Relieves itching|Promotes wound healing|Supports hair growth|Promotes hair health,,low
Koshataki,Luffa acutangula,Cucurbitaceae,,Supports skin health in chronic conditions|Supports liver health|Supports spleen health|Reduces swelling|Supports abdominal health|Stimulates liver function|Purgative (professional use only),,low
Krishna Jeeraka,Carum carvi,Apiaceae,,Aids digestion|Supports healthy digestion and nutrient absorption|Relieves bloating|Relieves pain|Supports intestinal parasite management|Stimulates digestion and appetite|Supports eye health,,low
Kshavaka,Centipeda minima,Asteraceae,,Relieves nasal congestion and cold|Eases cough|Eases breathing and respiratory discomfort|Supports intestinal parasite management|Relieves cough|Relieves pain,,low
Kulattha,Macrotyloma uniflorum,Fabaceae,,Supports healthy weight management|Eases cough|Eases breathing and respiratory discomfort|Helps dissolve urinary stones|Helps reduce excess fat|Relieves cough,,low
Kumbhika,Pistia stratiotes,Araceae,,Reduces swelling|Supports skin health in chronic conditions|Promotes wound healing|Cools and soothes heat-related bleeding,,low
Kumkuma,Crocus sativus,Iridaceae,,Supports skin clarity|Supports vision|Supports joints in gout-like conditions|Promotes healthy skin complexion|Supports breast milk production,,low
Kumuda,Nymphaea alba,Nymphaeaceae,,Relieves burning sensation|Cools and soothes heat-related bleeding|Helps reduce fever|Supports heart health|Cools the blood,,low
Kurabaka,Barleria cristata,Acanthaceae,,Reduces swelling|Eases joint pain|Cools and soothes heat-related bleeding|Eases cough|Supports skin health in chronic conditions|Relieves pain,,low
Kusha,Desmostachya bipinnata,Poaceae,,Cools and soothes heat-related bleeding|Supports menstrual health (heavy bleeding)|Promotes healthy urine flow,,low
Kushmanda,Benincasa hispida,Cucurbitaceae,,Supports mental calm|Supports nervous system health|Cools and soothes heat-related bleeding|Relieves burning sensation|Supports memory and intellect|Promotes healthy urine flow|Builds strength and stamina,,low
Kushtha,Saussurea costus,Asteraceae,,Soothes vata-related disorders|Eases cough|Eases breathing and respiratory discomfort|Supports skin health in chronic conditions|Relieves itching|Soothes excess vata|Supports reproductive vitality,,low
Kusumbha,Carthamus tinctorius,Asteraceae,,Helps manage hemorrhoids|Relieves constipation|Purifies the blood|Supports heart health|Relieves nasal congestion and cold|Purgative (professional use only),,low
Kutaj,Holarrhena antidysenterica,Apocynaceae,,Helps manage diarrhea|Helps manage dysentery|Supports healthy digestion and nutrient absorption|Helps manage hemorrhoids|Cools and soothes heat-related bleeding|Improves nutrient absorption and helps manage diarrhea|Antimicrobial and antiparasitic action|Relieves pain,,low
Lajjalu,Mimosa pudica,Fabaceae,,Cools and soothes heat-related bleeding|Helps manage diarrhea|Promotes wound healing|Supports urinary health (including diabetes care)|Relieves burning sensation|Helps control excess discharge or bleeding,,low
Laksha,Laccifer lacca,Kerriidae,,Supports bone fracture healing|Promotes wound healing|Cools and soothes heat-related bleeding|Eases cough|Supports skin health in chronic conditions|Supports bone healing|Helps control bleeding,,low
Lakuca,Artocarpus lacoocha,Moraceae,,Stimulates weak digestion|Supports liver health|Relieves bloating|Purifies the blood|Stimulates digestion and appetite|Stimulates liver function,,low
Langali,Gloriosa superba,Colchicaceae,,Supports skin health in chronic conditions|Promotes wound healing|Supports labor|Soothes vata-related disorders|Supports intestinal parasite management|Tones the uterus,,low
Lata Kasturi,Abelmoschus moschatus,Malvaceae,,Builds strength|Supports heart health|Supports male reproductive health|Supports reproductive vitality|Promotes healthy urine flow,,low
Latakaranja,Caesalpinia crista,Fabaceae,,Supports recovery in malarial fever (adjunct care)|Supports intestinal parasite management|Relieves pain|Supports joints in inflammatory conditions|Helps reduce fever|Antimicrobial and antiparasitic action,,low
Lavali,Phyllanthus acidus,Phyllanthaceae,,Improves taste and appetite|Stimulates weak digestion|Relieves constipation|Quenches excessive thirst|Stimulates digestion and appetite|Purgative (professional use only),,low
Lodhra,Symplocos racemosa,Symplocaceae,,Supports menstrual health (heavy bleeding)|Cools and soothes heat-related bleeding|Helps manage diarrhea|Supports eye health|Reduces swelling|Purifies and tones the blood|Supports uterine hygiene,,low
Madanaphala,Catunaregam spinosa,Rubiaceae,,Supports skin health in chronic conditions|Supports abdominal health|Helps manage hemorrhoids|Supports glandular health|Emetic (professional use only)|Helps reduce excess fat,,low
Madayantika,Lawsonia inermis,Lythraceae,,Supports skin health in chronic conditions|Relieves burning sensation|Supports liver health|Cools and soothes heat-related bleeding|Promotes wound healing,,low
Madhukarkati,Citrus maxima,Rutaceae,,Supports heart health|Improves taste and appetite|Stimulates weak digestion|Eases breathing and respiratory discomfort|Traditionally used in Ayurvedic management of toxins|Stimulates digestion and appetite,,low
Mahabala,Sida rhombifolia,Malvaceae,,Soothes vata-related disorders|Supports recovery in paralysis (adjunct care)|Builds strength|Supports recovery in debility|Supports chest and lung recovery|Builds strength and stamina|Supports heart health|Rejuvenating; promotes vitality and immunity,,low
Mahanimba,Melia azedarach,Meliaceae,,Helps manage hemorrhoids|Supports skin health in chronic conditions|Supports intestinal parasite management|Cools and soothes heat-related bleeding|Supports urinary health (including diabetes care)|Antimicrobial and antiparasitic action|Purifies the blood,,low
Makoy,Solanum nigrum,Solanaceae,,Supports liver and spleen health|Supports spleen health|Reduces swelling|Supports heart health|Helps manage hemorrhoids|Stimulates liver function|Supports reproductive vitality,,low
Mamsarohini,Soymida febrifuga,Meliaceae,,Helps manage diarrhea|Promotes wound healing|Cools and soothes heat-related bleeding|Builds strength|Helps manage dysentery|Improves nutrient absorption and helps manage diarrhea,,low
Mandukparni,Centella asiatica,Apiaceae,,Supports mental calm|Supports nervous system health|Supports skin health in chronic conditions|Supports urinary health|Eases cough|Supports memory and intellect,,low
Manjistha,Rubia cordifolia,Rubiaceae,,Supports skin health in chronic conditions|Supports skin health in spreading rashes|Promotes wound healing|Purifies the blood|Supports urinary health (including diabetes care),,low
Masha,Vigna mungo,Fabaceae,,Soothes vata-related disorders|Supports recovery in debility|Supports male reproductive health|Supports facial nerve comfort|Supports recovery in paralysis (adjunct care)|Builds strength and stamina|Nourishing and weight-building,,low
Mashaparni,Teramnus labialis,Fabaceae,,Soothes vata-related disorders|Supports reproductive vitality|Restores vitality and immunity|Cools and soothes heat-related bleeding|Reduces swelling|Nourishing and weight-building|Builds strength and stamina,,low
Masura,Lens culinaris,Fabaceae,,Helps manage diarrhea|Cools and soothes heat-related bleeding|Improves nutrient absorption and helps manage diarrhea|Builds strength and stamina,,low
Matsyakshi,Alternanthera sessilis,Amaranthaceae,,Cools and soothes heat-related bleeding|Supports skin health in chronic conditions|Eases cough|Supports eye health|Promotes healthy urine flow,,low
Matulunga,Citrus medica,Rutaceae,,Improves taste and appetite|Aids digestion|Helps manage vomiting|Relieves pain|Supports abdominal health|Stimulates digestion and appetite|Supports healthy elimination of gas,,low
Mayaphala,Quercus infectoria,Fagaceae,,Helps manage diarrhea|Cools and soothes heat-related bleeding|Supports oral and throat health|Supports menstrual health (leukorrhea)|Astringent; tones tissues|Helps control excess discharge or bleeding,,low
Mayurashikha,Actiniopteris radiata,Pteridaceae,,Helps manage diarrhea|Helps manage dysentery|Cools and soothes heat-related bleeding|Supports intestinal parasite management|Supports urinary health (including diabetes care)|Improves nutrient absorption and helps manage diarrhea|Helps control bleeding,,low
Meda,Polygonatum cirrhifolium,Asparagaceae,,Supports recovery in debility|Cools and soothes heat-related bleeding|Builds strength|Soothes vata-related disorders|Rejuvenating; promotes vitality and immunity|Nourishing and weight-building,,low
Medasaka,Litsea glutinosa,Lauraceae,,Supports bone fracture healing|Eases joint pain|Supports joints in inflammatory conditions|Helps manage diarrhea|Promotes wound healing|Reduces swelling|Builds strength and stamina,,low
Meshashringi,Gymnema sylvestre,Apocynaceae,,Supports urinary health (including diabetes care)|Supports skin health in chronic conditions|Supports intestinal parasite management|Traditionally used in Ayurvedic management of toxins|Supports healthy blood sugar|Reduces excess fat,,low
Mochras,Bombax ceiba,Malvaceae,,Helps manage diarrhea|Helps manage dysentery|Supports menstrual health (heavy bleeding)|Cools and soothes heat-related bleeding|Promotes wound healing|Helps control excess discharge or bleeding|Purifies and tones the blood,,low
Mudga,Vigna radiata,Fabaceae,,Helps reduce fever|Cools and soothes heat-related bleeding|Supports eye health|Promotes wound healing|Improves nutrient absorption and helps manage diarrhea,,low
Mudgaparni,Vigna trilobata,Fabaceae,,Supports chest and lung recovery|Cools and soothes heat-related bleeding|Helps reduce fever|Builds strength|Relieves burning sensation|Rejuvenating and vitalizing|Supports reproductive vitality|Supports eye health,,low
Mulaka,Raphanus sativus,Brassicaceae,,Stimulates weak digestion|Helps manage hemorrhoids|Supports abdominal health|Relieves nasal congestion and cold|Eases cough|Stimulates digestion and appetite|Supports heart health,,low
Muranji,Moringa concanensis,Moringaceae,,Reduces swelling|Supports resolution of abscesses|Supports intestinal parasite management|Supports healthy weight management|Antimicrobial and antiparasitic action,,low
Murva,Marsdenia tenacissima,Apocynaceae,,Helps reduce fever|Supports skin health in chronic conditions|Supports urinary health (including diabetes care)|Promotes wound healing|Supports intestinal parasite management|Purifies the blood,,low
Nadi Hingu,Gardenia gummifera,Rubiaceae,,Eases abdominal pain|Relieves bloating|Stimulates weak digestion|Supports intestinal parasite management|Relieves pain|Stimulates digestion and appetite,,low
Nagabala,Grewia hirsuta,Malvaceae,,Supports chest and lung recovery|Supports recovery in debility|Cools and soothes heat-related bleeding|Builds strength|Soothes vata-related disorders|Builds strength and stamina|Rejuvenating; promotes vitality and immunity,,low
Nagadanti,Heliotropium indicum,Boraginaceae,,Promotes wound healing|Relieves itching|Traditionally used in Ayurvedic management of venom exposure|Helps reduce fever|Supports skin health in chronic conditions|Reduces swelling,,low
Nagakesara,Mesua ferrea,Calophyllaceae,,Cools and soothes heat-related bleeding|Helps manage hemorrhoids|Supports menstrual health (heavy bleeding)|Quenches excessive thirst|Helps manage vomiting|Helps control bleeding|Stimulates digestion and appetite,,low
Nagarmotha,Cyperus rotundus,Cyperaceae,,Helps manage diarrhea|Supports healthy digestion and nutrient absorption|Helps reduce fever|Quenches excessive thirst|Improves taste and appetite|Stimulates digestion and appetite|Aids digestion of food and toxins|Improves nutrient absorption and helps manage diarrhea,,low
Narikela,Cocos nucifera,Arecaceae,,Relieves burning sensation|Quenches excessive thirst|Supports recovery in debility|Builds strength|Builds strength and stamina|Nourishing and weight-building|Supports reproductive vitality,,low
Nikochaka,Pistacia vera,Anacardiaceae,,Builds strength|Soothes vata-related disorders|Supports recovery in debility|Supports healthy weight gain|Supports reproductive vitality|Builds strength and stamina,,low
Nili,Indigofera tinctoria,Fabaceae,,Supports hair growth|Supports natural hair color|Supports liver and spleen health|Supports spleen health|Traditionally used in Ayurvedic management of toxins|Promotes hair health|Supports detoxification from poisons|Stimulates liver function,,low
Nirgundi,Vitex negundo,Lamiaceae,,Soothes vata-related disorders|Supports joints in inflammatory conditions|Supports joint health|Reduces swelling|Supports intestinal parasite management|Relieves pain,,low
Padmaka,Prunus cerasoides,Rosaceae,,Cools and soothes heat-related bleeding|Supports skin health in spreading rashes|Relieves burning sensation|Quenches excessive thirst|Supports a healthy pregnancy|Promotes healthy skin complexion|Helps control bleeding,,low
Palandu,Allium cepa,Amaryllidaceae,,Soothes vata-related disorders|Helps manage hemorrhoids|Supports male reproductive health|Improves taste and appetite|Reduces swelling|Supports reproductive vitality|Builds strength and stamina,,low
Palankya,Spinacia oleracea,Amaranthaceae,,Supports healthy blood levels|Relieves constipation|Cools and soothes heat-related bleeding|Improves nutrient absorption and helps manage diarrhea|Supports healthy blood (hemoglobin),,low
Palasha,Butea monosperma,Fabaceae,,Supports intestinal parasite management|Traditionally used for mental-emotional balance|Supports skin health in chronic conditions|Helps manage hemorrhoids|Supports urinary health (including diabetes care)|Antimicrobial and antiparasitic action|Purifies the blood|Reduces swelling,,low
Panasa,Artocarpus heterophyllus,Moraceae,,Builds strength|Cools and soothes heat-related bleeding|Supports recovery in debility|Supports fertility (traditional use)|Builds strength and stamina|Nourishing and weight-building|Supports reproductive vitality,,low
Paribhadra,Erythrina variegata,Fabaceae,,Supports intestinal parasite management|Soothes vata-related disorders|Relieves itching|Promotes wound healing|Supports healthy weight management|Antimicrobial and antiparasitic action|Soothes excess vata,,low
Parijata,Nyctanthes arbor-tristis,Oleaceae,,Eases sciatic pain|Supports joint health|Helps reduce fever|Eases cough|Supports intestinal parasite management|Soothes excess vata,,low
Parnayavani,Coleus amboinicus,Lamiaceae,,Stimulates weak digestion|Aids digestion|Eases cough|Eases breathing and respiratory discomfort|Supports intestinal parasite management|Stimulates digestion and appetite|Aids digestion of food and toxins|Relieves cough,,low
Parpataka,Fumaria indica,Papaveraceae,,Helps reduce fever|Quenches excessive thirst|Cools and soothes heat-related bleeding|Relieves dizziness|Supports clarity of mind|Soothes excess pitta,,low
Pashanabheda,Bergenia ligulata,Saxifragaceae,,Supports urinary health (including diabetes care)|Helps manage hemorrhoids|Helps dissolve urinary stones|Promotes healthy urine flow,,low
Patala,Stereospermum suaveolens,Bignoniaceae,,Eases breathing and respiratory discomfort|Reduces swelling|Soothes vata-related disorders|Relieves hiccups|Quenches excessive thirst|Supports healthy elimination of gas|Relieves pain,,low
Patha,Cissampelos pareira,Menispermaceae,,Helps reduce fever|Helps manage diarrhea|Promotes wound healing|Supports intestinal parasite management|Supports detoxification from poisons|Improves nutrient absorption and helps manage diarrhea,,low
Patola,Trichosanthes dioica,Cucurbitaceae,,Helps reduce fever|Supports skin health in chronic conditions|Cools and soothes heat-related bleeding|Supports liver health|Quenches excessive thirst|Purifies the blood,,low
Pattanga,Biancaea sappan,Fabaceae,,Cools and soothes heat-related bleeding|Supports menstrual health (heavy bleeding)|Promotes wound healing|Relieves burning sensation|Supports oral and throat health|Helps control bleeding,,low
Pilu,Salvadora persica,Salvadoraceae,,Supports abdominal health|Helps manage hemorrhoids|Relieves bloating|Supports oral and throat health|Stimulates digestion and appetite|Reduces swelling,,low
Pippali,Piper longum,Piperaceae,,Eases cough|Eases breathing and respiratory discomfort|Supports spleen health|Supports abdominal health|Helps manage hemorrhoids|Rejuvenating; promotes vitality and immunity|Stimulates digestion and appetite|Relieves cough|Supports reproductive vitality,,low
Plaksha,Ficus infectoria,Moraceae,,Cools and soothes heat-related bleeding|Promotes wound healing|Relieves burning sensation|Supports vaginal health|Supports skin health in spreading rashes|Helps control bleeding,,low
Prapunnada,Senna tora,Fabaceae,,Supports skin health in fungal conditions|Supports skin health in chronic conditions|Relieves itching|Supports intestinal parasite management|Antimicrobial and antiparasitic action,,low
Prasarini,Paederia foetida,Rubiaceae,,Soothes vata-related disorders|Eases sciatic pain|Supports joint health|Supports recovery in paralysis (adjunct care)|Supports joints in inflammatory conditions|Soothes excess vata|Supports tissue repair and healing,,low
Prativisha,Aconitum palmatum,Ranunculaceae,,Helps manage diarrhea|Supports healthy digestion and nutrient absorption|Helps reduce fever|Supports intestinal parasite management|Traditionally used in Ayurvedic management of toxins|Stimulates digestion and appetite,,low
Prishniparni,Uraria picta,Fabaceae,,Helps reduce fever|Quenches excessive thirst|Helps manage diarrhea|Soothes vata-related disorders|Supports bone fracture healing|Builds strength and stamina|Supports reproductive vitality|Supports tissue repair and healing,,low
Priyala,Buchanania lanzan,Anacardiaceae,,Builds strength|Supports male reproductive health|Cools and soothes heat-related bleeding|Quenches excessive thirst|Supports chest and lung recovery|Supports reproductive vitality|Nourishing and weight-building,,low
Priyangu,Callicarpa macrophylla,Lamiaceae,,Cools and soothes heat-related bleeding|Relieves burning sensation|Helps reduce fever|Promotes wound healing|Eases intestinal pain|Promotes healthy skin complexion,,low
Puga,Areca catechu,Arecaceae,,Improves taste and appetite|Dries up excess moisture|Supports oral and throat health|Supports vaginal health|Supports intestinal parasite management|Stimulates digestion and appetite,,low
Punarnava,Boerhavia diffusa,Nyctaginaceae,,Reduces swelling|Supports healthy blood levels|Supports heart health|Supports abdominal health|Promotes healthy urine flow|Rejuvenating; promotes vitality and immunity,,low
Pushkarmool,Inula racemosa,Asteraceae,,Eases breathing and respiratory discomfort|Eases cough|Supports heart health|Eases flank pain|Relieves hiccups|Relieves cough|Eases breathing,,low
Putranjivaka,Putranjiva roxburghii,Putranjivaceae,,Supports fertility (traditional use)|Supports a healthy pregnancy|Restores vitality and immunity|Supports reproductive vitality,,low
Rajamasha,Vigna unguiculata,Fabaceae,,Supports breast milk production|Supports healthy weight management|Soothes excess vata,,low
Rajika,Brassica juncea,Brassicaceae,,Supports spleen health|Supports abdominal health|Supports intestinal parasite management|Relieves itching|Supports skin health in chronic conditions|Reduces swelling|Relieves pain,,low
Rakta Chandana,Pterocarpus santalinus,Fabaceae,,Cools and soothes heat-related bleeding|Quenches excessive thirst|Helps reduce fever|Supports skin health in spreading rashes|Promotes wound healing|Purifies and tones the blood|Relieves burning sensation,,low
Raktamoola,Plumbago indica,Plumbaginaceae,,Stimulates weak digestion|Helps manage hemorrhoids|Supports healthy digestion and nutrient absorption|Supports abdominal health|Supports intestinal parasite management|Stimulates digestion and appetite|Aids digestion of food and toxins|Helps reduce excess fat,,low
Rasna,Pluchea lanceolata,Asteraceae,,Supports joints in inflammatory conditions|Supports joint health|Eases sciatic pain|Soothes vata-related disorders|Reduces swelling|Soothes excess vata,,low
Renuka,Vitex agnus-castus,Lamiaceae,,Supports menstrual health|Soothes vata-related disorders|Stimulates weak digestion|Relieves headache|Stimulates digestion and appetite|Soothes excess vata,,low
Riddhi,Habenaria intermedia,Orchidaceae,,Supports chest and lung recovery|Cools and soothes heat-related bleeding|Builds strength|Soothes vata-related disorders|Rejuvenating; promotes vitality and immunity|Nourishing and weight-building,,low
Rishabhaka,Malaxis muscifera,Orchidaceae,,Supports chest and lung recovery|Cools and soothes heat-related bleeding|Relieves burning sensation|Eases breathing and respiratory discomfort|Rejuvenating; promotes vitality and immunity|Supports reproductive vitality|Nourishing and weight-building,,low
Rohisha,Cymbopogon martinii,Poaceae,,Supports joints in inflammatory conditions|Helps reduce fever|Relieves pain|Relieves itching,,low
Rohitaka,Tecomella undulata,Bignoniaceae,,Supports spleen health|Supports liver and spleen health|Supports abdominal health|Purifies the blood|Stimulates digestion and appetite|Aids digestion of food and toxins,,low
Rudraksha,Elaeocarpus ganitrus,Elaeocarpaceae,,Supports healthy blood pressure|Supports mental calm|Supports nervous system health|Supports heart health|Relieves headache|Supports memory and intellect,,low
Sadapushpi,Catharanthus roseus,Apocynaceae,,Supports urinary health (including diabetes care)|Supports blood health|Supports management of growths (traditional use; not a substitute for medical care)|Supports healthy blood sugar|Supports management of growths (traditional use),,low
Sahachara,Barleria prionitis,Acanthaceae,,Soothes vata-related disorders|Eases joint pain|Supports skin health in chronic conditions|Supports hair growth|Relieves pain|Soothes excess vata,,low
Saireyaka,Barleria prionitis,Acanthaceae,,Supports skin health in chronic conditions|Reduces swelling|Soothes vata-related disorders|Supports dental health and eases toothache|Promotes hair health,,low
Saptala,Senegalia rugata,Fabaceae,,Promotes hair health|Relieves itching|Supports skin health in chronic conditions|Relieves constipation|Supports intestinal parasite management,,low
Saptaparna,Alstonia scholaris,Apocynaceae,,Helps reduce fever|Supports skin health in chronic conditions|Supports intestinal parasite management|Promotes wound healing|Supports abdominal health|Antimicrobial and antiparasitic action,,low
Sariva,Hemidesmus indicus,Apocynaceae,,Relieves burning sensation|Cools and soothes heat-related bleeding|Quenches excessive thirst|Supports skin health in chronic conditions|Supports urinary health (including diabetes care)|Purifies the blood|Promotes healthy skin complexion,,low
Sarja,Vateria indica,Dipterocarpaceae,,Promotes wound healing|Supports skin health in chronic conditions|Relieves itching|Traditionally used for mental-emotional balance|Traditionally used in Ayurvedic management of toxins|Supports detoxification from poisons,,low
Sarpagandha,Rauvolfia serpentina,Apocynaceae,,Supports mental calm|Promotes sleep|Supports nervous system health|Relieves dizziness|Supports healthy blood pressure,,low
Sarpaksi,Ophiorrhiza mungos,Rubiaceae,,Traditionally used in Ayurvedic management of venom exposure|Helps reduce fever|Supports intestinal parasite management|Supports skin health in chronic conditions|Supports detoxification from poisons,,low
Satina,Pisum sativum,Fabaceae,,Purifies the blood|Relieves burning sensation|Builds strength and stamina,,low
Satyanashi,Argemone mexicana,Papaveraceae,,Supports skin health in chronic conditions|Relieves itching|Promotes wound healing|Relieves constipation|Purifies the blood|Purgative (professional use only),,low
Shaka,Tectona grandis,Lamiaceae,,Cools and soothes heat-related bleeding|Supports urinary health (including diabetes care)|Supports skin health in chronic conditions|Supports healthy weight management|Relieves burning sensation|Improves nutrient absorption and helps manage diarrhea,,low
Shallaki,Boswellia serrata,Burseraceae,,Supports joint health|Supports joints in inflammatory conditions|Promotes wound healing|Helps manage diarrhea|Cools and soothes heat-related bleeding|Reduces swelling|Improves nutrient absorption and helps manage diarrhea|Relieves pain,,low
Shalparni,Desmodium gangeticum,Fabaceae,,Helps reduce fever|Eases breathing and respiratory discomfort|Helps manage diarrhea|Supports recovery in debility|Helps manage vomiting|Supports healthy elimination of gas,,low
Shana,Crotalaria juncea,Fabaceae,,Cools and soothes heat-related bleeding|Supports menstrual health (heavy bleeding)|Supports uterine health|Relieves body ache|Helps control bleeding,,low
Shankhini,Canscora decussata,Gentianaceae,,Stimulates weak digestion|Relieves constipation|Supports mental calm|Supports nervous system health|Supports mental calm and wellbeing|Supports memory and intellect|Purgative (professional use only),,low
Shankhpushpi,Convolvulus pluricaulis,Convolvulaceae,,Supports mental calm|Supports nervous system health|Supports memory|Promotes sleep|Relieves dizziness|Supports memory and intellect|Rejuvenating; promotes vitality and immunity,,low
Shara,Saccharum munja,Poaceae,,Quenches excessive thirst|Relieves burning sensation|Cools and soothes heat-related bleeding|Promotes healthy urine flow|Cools the blood,,low
Sharapunkha,Tephrosia purpurea,Fabaceae,,Supports spleen health|Supports liver and spleen health|Supports abdominal health|Promotes wound healing|Supports skin health in chronic conditions|Stimulates liver function|Purifies the blood,,low
Shati,Hedychium spicatum,Zingiberaceae,,Eases breathing and respiratory discomfort|Eases cough|Helps reduce fever|Promotes wound healing|Improves taste and appetite|Eases breathing|Aids digestion of food and toxins,,low
Shigru,Moringa oleifera,Moringaceae,,Reduces swelling|Supports intestinal parasite management|Supports healthy weight management|Supports resolution of abscesses|Supports spleen health|Antimicrobial and antiparasitic action|Reduces excess fat,,low
Shigru Patra,Moringa oleifera,Moringaceae,,Supports intestinal parasite management|Reduces swelling|Supports healthy weight management|Supports eye health|Eases shoulder pain and stiffness|Builds strength and stamina|Aids digestion of food and toxins,,low
Shilajit,Asphaltum punjabianum,N/A,,Supports urinary health (including diabetes care)|Supports recovery in debility|Supports male reproductive health|Supports healthy weight management|Builds strength and stamina,,low
Shirisha,Albizia lebbeck,Fabaceae,,Traditionally used in Ayurvedic management of toxins|Eases breathing and respiratory discomfort|Eases cough|Supports skin health in chronic conditions|Supports skin health in spreading rashes|Supports detoxification from poisons|Eases breathing,,low
Shrigataka,Trapa natans,Lythraceae,,Cools and soothes heat-related bleeding|Supports menstrual health (heavy bleeding)|Supports a healthy pregnancy|Relieves burning sensation|Builds strength|Supports reproductive vitality|Improves nutrient absorption and helps manage diarrhea|Cools the blood,,low
Shunthi,Zingiber officinale,Zingiberaceae,,Supports joints in inflammatory conditions|Aids digestion|Supports healthy digestion and nutrient absorption|Eases cough|Eases breathing and respiratory discomfort|Stimulates digestion and appetite|Aids digestion of food and toxins|Rejuvenating; promotes vitality and immunity|Supports heart health,,low
Shvet Musli,Chlorophytum borivilianum,Asparagaceae,,Supports male reproductive health|Builds strength|Restores vitality and immunity|Supports reproductive vitality|Builds strength and stamina|Nourishing and weight-building,,low
Shyonaka,Oroxylum indicum,Bignoniaceae,,Helps manage diarrhea|Helps manage dysentery|Supports joints in inflammatory conditions|Reduces swelling|Stimulates weak digestion|Improves nutrient absorption and helps manage diarrhea|Stimulates digestion and appetite,,low
Simsapa,Dalbergia sissoo,Fabaceae,,Supports skin health in chronic conditions|Supports menstrual health (heavy bleeding)|Supports healthy weight management|Supports intestinal parasite management|Helps reduce fever|Reduces excess fat,,low
Snuhi,Euphorbia neriifolia,Euphorbiaceae,,Supports abdominal health|Supports skin health in chronic conditions|Helps manage hemorrhoids|Supports spleen health|Purgative (professional use only),,low
Somavalli,Sarcostemma acidum,Apocynaceae,,Supports recovery in debility|Quenches excessive thirst|Cools and soothes heat-related bleeding|Builds strength|Rejuvenating; promotes vitality and immunity|Builds strength and stamina,,low
Sthuneyaka,Taxus baccata,Taxaceae,,Eases cough|Eases breathing and respiratory discomfort|Relieves hiccups|Soothes vata-related disorders|Supports intestinal parasite management|Relieves cough|Eases breathing,,low
Surana,Amorphophallus paeoniifolius,Araceae,,Helps manage hemorrhoids|Supports spleen health|Supports abdominal health|Eases breathing and respiratory discomfort|Eases cough|Relieves hemorrhoids|Stimulates digestion and appetite,,low
Suranjana,Colchicum luteum,Colchicaceae,,Supports joints in gout-like conditions|Supports joints in inflammatory conditions|Eases joint pain|Supports liver and spleen health|Reduces swelling|Soothes excess vata|Relieves pain,,low
Suryavarta,Cleome gynandra,Cleomaceae,,Eases earache|Relieves headache|Supports abdominal health|Supports intestinal parasite management|Promotes wound healing|Relieves pain|Stimulates digestion and appetite,,low
Swarnapatri,Cassia angustifolia,Fabaceae,,Relieves constipation|Supports abdominal health|Supports intestinal parasite management|Purgative (professional use only),,low
Tagar,Valeriana wallichii,Caprifoliaceae,,Supports mental calm|Supports nervous system health|Promotes sleep|Supports memory and intellect|Rejuvenating; promotes vitality and immunity,,low
Tagetes,Tagetes erecta,Asteraceae,,Cools and soothes heat-related bleeding|Promotes wound healing|Relieves itching|Supports intestinal parasite management|Eases earache|Purifies the blood|Supports skin health in chronic conditions,,low
Tala,Borassus flabellifer,Arecaceae,,Supports recovery in debility|Cools and soothes heat-related bleeding|Quenches excessive thirst|Relieves burning sensation|Builds strength|Builds strength and stamina|Nourishing and weight-building,,low
Talamuli,Curculigo orchioides,Hypoxidaceae,,Supports male reproductive health|Supports urinary health (including diabetes care)|Builds strength|Supports recovery in debility|Supports vaginal health|Supports reproductive vitality|Builds strength and stamina|Rejuvenating; promotes vitality and immunity,,low
Talisapatra,Abies webbiana,Pinaceae,,Eases cough|Eases breathing and respiratory discomfort|Improves taste and appetite|Supports abdominal health|Helps manage vomiting|Relieves cough|Eases breathing,,low
Tamalaki,Phyllanthus niruri,Euphorbiaceae,,Supports liver health|Supports healthy blood levels|Supports liver and spleen health|Supports urinary health (including diabetes care)|Cools and soothes heat-related bleeding|Stimulates liver function|Aids digestion of food and toxins,,low
Tamalpatra,Cinnamomum tamala,Lauraceae,,Improves taste and appetite|Relieves nausea|Relieves nasal congestion and cold|Helps manage hemorrhoids|Stimulates digestion and appetite|Antimicrobial and antiparasitic action,,low
Tanduliyaka,Amaranthus spinosus,Amaranthaceae,,Cools and soothes heat-related bleeding|Traditionally used in Ayurvedic management of toxins|Supports menstrual health (heavy bleeding)|Relieves burning sensation|Quenches excessive thirst|Supports detoxification from poisons|Cools the blood,,low
Taruni,Rosa centifolia,Rosaceae,,Relieves burning sensation|Supports heart health|Quenches excessive thirst|Supports oral and throat health|Supports skin health in chronic conditions|Promotes healthy skin complexion|Supports eye health,,low
Tila,Sesamum indicum,Pedaliaceae,,Soothes vata-related disorders|Supports recovery in debility|Builds strength|Supports hair growth|Promotes wound healing|Builds strength and stamina|Promotes hair health|Supports reproductive vitality,,low
Tinduka,Diospyros peregrina,Ebenaceae,,Helps manage diarrhea|Helps manage dysentery|Supports urinary health (including diabetes care)|Promotes wound healing|Cools and soothes heat-related bleeding|Improves nutrient absorption and helps manage diarrhea|Helps control bleeding,,low
Tintidika,Tamarindus indica,Fabaceae,,Stimulates weak digestion|Improves taste and appetite|Quenches excessive thirst|Relieves fatigue|Stimulates digestion and appetite|Aids digestion of food and toxins,,low
Trapusha,Cucumis sativus,Cucurbitaceae,,Relieves burning sensation|Quenches excessive thirst|Cools and soothes heat-related bleeding|Promotes healthy urine flow,,low
Trivrit,Operculina turpethum,Convolvulaceae,,Relieves constipation|Helps reduce fever|Reduces swelling|Supports healthy blood levels|Supports abdominal health|Purgative (professional use only),,low
Tumburu,Zanthoxylum armatum,Rutaceae,,Supports dental health and eases toothache|Supports oral and throat health|Stimulates weak digestion|Supports intestinal parasite management|Eases abdominal pain|Stimulates digestion and appetite|Antimicrobial and antiparasitic action|Relieves pain,,low
Udumbara,Ficus racemosa,Moraceae,,Cools and soothes heat-related bleeding|Supports urinary health (including diabetes care)|Promotes wound healing|Helps manage diarrhea|Relieves burning sensation|Helps control bleeding|Supports healthy blood sugar,,low
Upodika,Basella alba,Basellaceae,,Relieves constipation|Helps manage hemorrhoids|Cools and soothes heat-related bleeding|Supports labor|Builds strength|Builds strength and stamina|Nourishing and weight-building,,low
Ushira,Chrysopogon zizanioides,Poaceae,,Relieves burning sensation|Quenches excessive thirst|Helps reduce fever|Traditionally used in Ayurvedic management of toxins,,low
Utingana,Blepharis edulis,Acanthaceae,,Supports male reproductive health|Supports reproductive vitality|Builds strength|Builds strength and stamina,,low
Utpala,Nymphaea nouchali,Nymphaeaceae,,Cools and soothes heat-related bleeding|Relieves burning sensation|Quenches excessive thirst|Supports heart health|Relieves dizziness|Rejuvenating; promotes vitality and immunity,,low
Vacha,Acorus calamus,Acoraceae,,Supports mental calm|Supports nervous system health|Supports memory|Eases cough|Soothes vata-related disorders|Supports memory and intellect|Restores alertness and focus|Antimicrobial and antiparasitic action,Contains beta-asarone; large doses not advised,medium
Vamsha,Bambusa bambos,Poaceae,,Eases cough|Eases breathing and respiratory discomfort|Cools and soothes heat-related bleeding|Quenches excessive thirst|Supports recovery in debility|Builds strength and stamina|Supports reproductive vitality|Relieves cough,,low
Vanapsa,Viola odorata,Violaceae,,Eases cough|Eases breathing and respiratory discomfort|Relieves nasal congestion and cold|Helps reduce fever|Relieves headache|Relieves cough,,low
Varahikanda,Dioscorea bulbifera,Dioscoreaceae,,Builds strength|Supports male reproductive health|Supports skin health in chronic conditions|Supports urinary health (including diabetes care)|Promotes wound healing|Rejuvenating; promotes vitality and immunity|Supports reproductive vitality|Builds strength and stamina,,low
Varshabhu,Trianthema portulacastrum,Aizoaceae,,Reduces swelling|Supports abdominal health|Supports liver health|Supports spleen health|Promotes healthy urine flow,,low
Vartaku,Solanum melongena,Solanaceae,,Stimulates weak digestion|Improves taste and appetite|Supports heart health|Soothes vata-related disorders|Stimulates digestion and appetite,,low
Varuna,Crateva nurvala,Capparaceae,,Supports resolution of abscesses|Soothes vata-related disorders|Supports abdominal health|Promotes healthy urine flow|Helps dissolve urinary stones|Stimulates digestion and appetite,,low
Vasaka,Adhatoda vasica,Acanthaceae,,Eases cough|Eases breathing and respiratory discomfort|Cools and soothes heat-related bleeding|Supports recovery in debility|Helps reduce fever|Eases breathing|Relieves cough,,low
Vathada,Prunus dulcis,Rosaceae,,Builds strength|Soothes vata-related disorders|Restores vitality and immunity|Supports recovery in debility|Builds strength and stamina|Supports memory and intellect|Supports reproductive vitality,,low
Vatsanabha,Aconitum ferox,Ranunculaceae,,Helps reduce fever|Supports joints in inflammatory conditions|Supports healthy digestion and nutrient absorption|Eases breathing and respiratory discomfort|Soothes vata-related disorders|Relieves pain,Extremely toxic; only used in processed form under strict professional supervision,high
Vetasa,Salix caprea,Salicaceae,,Reduces swelling|Relieves burning sensation|Cools and soothes heat-related bleeding|Promotes wound healing,,low
Vidanga,Embelia ribes,Primulaceae,,Supports intestinal parasite management|Supports abdominal health|Stimulates weak digestion|Supports skin health in chronic conditions|Supports urinary health (including diabetes care)|Antimicrobial and antiparasitic action|Helps reduce excess fat|Stimulates digestion and appetite,,low
Vidarikand,Pueraria tuberosa,Fabaceae,,Supports recovery in debility|Cools and soothes heat-related bleeding|Builds strength|Supports male reproductive health|Builds strength and stamina|Rejuvenating; promotes vitality and immunity|Supports reproductive vitality,,low
Visha Tinduka,Strychnos nux-vomica,Loganiaceae,,Soothes vata-related disorders|Eases sciatic pain|Supports joints in inflammatory conditions|Stimulates weak digestion|Supports male reproductive health|Soothes excess vata|Stimulates digestion and appetite,,low
Vriddhadaru,Argyreia nervosa,Convolvulaceae,,Soothes vata-related disorders|Reduces swelling|Supports urinary health (including diabetes care)|Rejuvenating; promotes vitality and immunity|Supports reproductive vitality|Supports memory and intellect,,low
Vriddhi,Habenaria edgeworthii,Orchidaceae,,Supports recovery in debility|Cools and soothes heat-related bleeding|Quenches excessive thirst|Builds strength|Eases breathing and respiratory discomfort|Rejuvenating; promotes vitality and immunity|Nourishing and weight-building,,low
Vrihi,Oryza sativa,Poaceae,,Builds strength|Quenches excessive thirst|Cools and soothes heat-related bleeding|Nourishing and weight-building|Builds strength and stamina|Promotes healthy urine flow,,low
Vrikshamla,Garcinia indica,Clusiaceae,,Aids digestion|Helps manage diarrhea|Supports healthy digestion and nutrient absorption|Quenches excessive thirst|Helps manage hemorrhoids|Helps reduce excess fat|Stimulates digestion and appetite|Reduces excess fat,,low
Vyaghranakhi,Capparis zeylanica,Capparaceae,,Reduces swelling|Supports thyroid health (traditional goiter care)|Helps manage hemorrhoids|Promotes wound healing|Stimulates weak digestion|Soothes excess vata,,low
Yastimadhu,Glycyrrhiza glabra,Fabaceae,,Eases cough|Supports recovery in debility|Supports voice and vocal clarity|Promotes wound healing|Cools and soothes heat-related bleeding|Supports throat and voice|Supports detoxification from poisons,,low
Yava,Hordeum vulgare,Poaceae,,Supports urinary health (including diabetes care)|Supports healthy weight management|Soothes the throat|Eases breathing and respiratory discomfort|Relieves nasal congestion and cold|Helps reduce excess fat|Promotes healthy urine flow,,low
Yavani,Trachyspermum ammi,Apiaceae,,Aids digestion|Relieves flatulence and bloating|Relieves pain|Supports abdominal health|Supports intestinal parasite management|Stimulates digestion and appetite|Aids digestion of food and toxins|Supports healthy elimination of gas,,low
Yavasa,Alhagi maurorum,Fabaceae,,Cools and soothes heat-related bleeding|Quenches excessive thirst|Relieves burning sensation|Eases cough|Eases breathing and respiratory discomfort|Helps control bleeding,,low
Yuthika,Jasminum auriculatum,Oleaceae,,Supports oral health (mouth ulcers)|Supports skin health in chronic conditions|Supports eye health|Promotes wound healing|Relieves burning sensation|Supports heart health,,low
